active_dim,actual_eval_states,batch_index,burn_in_steps,checkpoint,dataset,dataset_config,dataset_split,device,dtype,eval_steps,experiment,git_commit,input_shape,input_space,method,model,nearby_distance,operator_update,residual_alpha,sample_index,sequence_length,state_norm,step_delta,step_index,target,timestamp,token_mode,tokenizer
3584,32,0,8,main,wikitext,wikitext-2-raw-v1,validation,cuda,float32,32,pythia_dynamical_edge_metrics_small,8d357f14794a20029ca3c919ede79629908f598a,"[1, 64, 512]",inputs_embeds,paper_style_feedback_dynamics,EleutherAI/pythia-70m,0.0007583837723359466,direct,1.0,0,64,1191.6959228515625,4.193912982940674,0,final_hidden,2026-07-09T12:10:31.351394+00:00,nonpad_flattened,EleutherAI/pythia-70m
3584,32,0,8,main,wikitext,wikitext-2-raw-v1,validation,cuda,float32,32,pythia_dynamical_edge_metrics_small,8d357f14794a20029ca3c919ede79629908f598a,"[1, 64, 512]",inputs_embeds,paper_style_feedback_dynamics,EleutherAI/pythia-70m,0.0005299903568811715,direct,1.0,0,64,1192.0323486328125,3.149406909942627,1,final_hidden,2026-07-09T12:10:31.351394+00:00,nonpad_flattened,EleutherAI/pythia-70m
3584,32,0,8,main,wikitext,wikitext-2-raw-v1,validation,cuda,float32,32,pythia_dynamical_edge_metrics_small,8d357f14794a20029ca3c919ede79629908f598a,"[1, 64, 512]",inputs_embeds,paper_style_feedback_dynamics,EleutherAI/pythia-70m,0.0003883175668306649,direct,1.0,0,64,1192.281005859375,2.4001052379608154,2,final_hidden,2026-07-09T12:10:31.351394+00:00,nonpad_flattened,EleutherAI/pythia-70m
3584,32,0,8,main,wikitext,wikitext-2-raw-v1,validation,cuda,float32,32,pythia_dynamical_edge_metrics_small,8d357f14794a20029ca3c919ede79629908f598a,"[1, 64, 512]",inputs_embeds,paper_style_feedback_dynamics,EleutherAI/pythia-70m,0.0002999926800839603,direct,1.0,0,64,1192.4661865234375,1.8469915390014648,3,final_hidden,2026-07-09T12:10:31.351394+00:00,nonpad_flattened,EleutherAI/pythia-70m
3584,32,0,8,main,wikitext,wikitext-2-raw-v1,validation,cuda,float32,32,pythia_dynamical_edge_metrics_small,8d357f14794a20029ca3c919ede79629908f598a,"[1, 64, 512]",inputs_embeds,paper_style_feedback_dynamics,EleutherAI/pythia-70m,0.00024175402359105647,direct,1.0,0,64,1192.60498046875,1.4307291507720947,4,final_hidden,2026-07-09T12:10:31.351394+00:00,nonpad_flattened,EleutherAI/pythia-70m
3584,32,0,8,main,wikitext,wikitext-2-raw-v1,validation,cuda,float32,32,pythia_dynamical_edge_metrics_small,8d357f14794a20029ca3c919ede79629908f598a,"[1, 64, 512]",inputs_embeds,paper_style_feedback_dynamics,EleutherAI/pythia-70m,0.000195532658835873,direct,1.0,0,64,1192.709716796875,1.113320231437683,5,final_hidden,2026-07-09T12:10:31.351394+00:00,nonpad_flattened,EleutherAI/pythia-70m
3584,32,0,8,main,wikitext,wikitext-2-raw-v1,validation,cuda,float32,32,pythia_dynamical_edge_metrics_small,8d357f14794a20029ca3c919ede79629908f598a,"[1, 64, 512]",inputs_embeds,paper_style_feedback_dynamics,EleutherAI/pythia-70m,0.00016692973440513015,direct,1.0,0,64,1192.7891845703125,0.8691063523292542,6,final_hidden,2026-07-09T12:10:31.351394+00:00,nonpad_flattened,EleutherAI/pythia-70m
3584,32,0,8,main,wikitext,wikitext-2-raw-v1,validation,cuda,float32,32,pythia_dynamical_edge_metrics_small,8d357f14794a20029ca3c919ede79629908f598a,"[1, 64, 512]",inputs_embeds,paper_style_feedback_dynamics,EleutherAI/pythia-70m,0.00013259785191621631,direct,1.0,0,64,1192.8497314453125,0.6800467371940613,7,final_hidden,2026-07-09T12:10:31.351394+00:00,nonpad_flattened,EleutherAI/pythia-70m
3584,32,0,8,main,wikitext,wikitext-2-raw-v1,validation,cuda,float32,32,pythia_dynamical_edge_metrics_small,8d357f14794a20029ca3c919ede79629908f598a,"[1, 64, 512]",inputs_embeds,paper_style_feedback_dynamics,EleutherAI/pythia-70m,0.00011516772792674601,direct,1.0,0,64,1192.89599609375,0.5330434441566467,8,final_hidden,2026-07-09T12:10:31.351394+00:00,nonpad_flattened,EleutherAI/pythia-70m
3584,32,0,8,main,wikitext,wikitext-2-raw-v1,validation,cuda,float32,32,pythia_dynamical_edge_metrics_small,8d357f14794a20029ca3c919ede79629908f598a,"[1, 64, 512]",inputs_embeds,paper_style_feedback_dynamics,EleutherAI/pythia-70m,0.00010571640450507402,direct,1.0,0,64,1192.931640625,0.4183465838432312,9,final_hidden,2026-07-09T12:10:31.351394+00:00,nonpad_flattened,EleutherAI/pythia-70m
3584,32,0,8,main,wikitext,wikitext-2-raw-v1,validation,cuda,float32,32,pythia_dynamical_edge_metrics_small,8d357f14794a20029ca3c919ede79629908f598a,"[1, 64, 512]",inputs_embeds,paper_style_feedback_dynamics,EleutherAI/pythia-70m,0.00010111181472893804,direct,1.0,0,64,1192.9591064453125,0.3286789059638977,10,final_hidden,2026-07-09T12:10:31.351394+00:00,nonpad_flattened,EleutherAI/pythia-70m
3584,32,0,8,main,wikitext,wikitext-2-raw-v1,validation,cuda,float32,32,pythia_dynamical_edge_metrics_small,8d357f14794a20029ca3c919ede79629908f598a,"[1, 64, 512]",inputs_embeds,paper_style_feedback_dynamics,EleutherAI/pythia-70m,8.659414015710354e-05,direct,1.0,0,64,1192.9803466796875,0.2584095597267151,11,final_hidden,2026-07-09T12:10:31.351394+00:00,nonpad_flattened,EleutherAI/pythia-70m
3584,32,0,8,main,wikitext,wikitext-2-raw-v1,validation,cuda,float32,32,pythia_dynamical_edge_metrics_small,8d357f14794a20029ca3c919ede79629908f598a,"[1, 64, 512]",inputs_embeds,paper_style_feedback_dynamics,EleutherAI/pythia-70m,8.635356789454818e-05,direct,1.0,0,64,1192.9967041015625,0.20329321920871735,12,final_hidden,2026-07-09T12:10:31.351394+00:00,nonpad_flattened,EleutherAI/pythia-70m
3584,32,0,8,main,wikitext,wikitext-2-raw-v1,validation,cuda,float32,32,pythia_dynamical_edge_metrics_small,8d357f14794a20029ca3c919ede79629908f598a,"[1, 64, 512]",inputs_embeds,paper_style_feedback_dynamics,EleutherAI/pythia-70m,8.880131645128131e-05,direct,1.0,0,64,1193.009521484375,0.1600240021944046,13,final_hidden,2026-07-09T12:10:31.351394+00:00,nonpad_flattened,EleutherAI/pythia-70m
3584,32,0,8,main,wikitext,wikitext-2-raw-v1,validation,cuda,float32,32,pythia_dynamical_edge_metrics_small,8d357f14794a20029ca3c919ede79629908f598a,"[1, 64, 512]",inputs_embeds,paper_style_feedback_dynamics,EleutherAI/pythia-70m,7.476354949176311e-05,direct,1.0,0,64,1193.019287109375,0.1260042041540146,14,final_hidden,2026-07-09T12:10:31.351394+00:00,nonpad_flattened,EleutherAI/pythia-70m
3584,32,0,8,main,wikitext,wikitext-2-raw-v1,validation,cuda,float32,32,pythia_dynamical_edge_metrics_small,8d357f14794a20029ca3c919ede79629908f598a,"[1, 64, 512]",inputs_embeds,paper_style_feedback_dynamics,EleutherAI/pythia-70m,8.277709275716916e-05,direct,1.0,0,64,1193.027099609375,0.09923822432756424,15,final_hidden,2026-07-09T12:10:31.351394+00:00,nonpad_flattened,EleutherAI/pythia-70m
3584,32,0,8,main,wikitext,wikitext-2-raw-v1,validation,cuda,float32,32,pythia_dynamical_edge_metrics_small,8d357f14794a20029ca3c919ede79629908f598a,"[1, 64, 512]",inputs_embeds,paper_style_feedback_dynamics,EleutherAI/pythia-70m,7.82958886702545e-05,direct,1.0,0,64,1193.0330810546875,0.07818800210952759,16,final_hidden,2026-07-09T12:10:31.351394+00:00,nonpad_flattened,EleutherAI/pythia-70m
3584,32,0,8,main,wikitext,wikitext-2-raw-v1,validation,cuda,float32,32,pythia_dynamical_edge_metrics_small,8d357f14794a20029ca3c919ede79629908f598a,"[1, 64, 512]",inputs_embeds,paper_style_feedback_dynamics,EleutherAI/pythia-70m,7.087283302098513e-05,direct,1.0,0,64,1193.037841796875,0.06162001192569733,17,final_hidden,2026-07-09T12:10:31.351394+00:00,nonpad_flattened,EleutherAI/pythia-70m
3584,32,0,8,main,wikitext,wikitext-2-raw-v1,validation,cuda,float32,32,pythia_dynamical_edge_metrics_small,8d357f14794a20029ca3c919ede79629908f598a,"[1, 64, 512]",inputs_embeds,paper_style_feedback_dynamics,EleutherAI/pythia-70m,7.294003444258124e-05,direct,1.0,0,64,1193.04150390625,0.04856366291642189,18,final_hidden,2026-07-09T12:10:31.351394+00:00,nonpad_flattened,EleutherAI/pythia-70m
3584,32,0,8,main,wikitext,wikitext-2-raw-v1,validation,cuda,float32,32,pythia_dynamical_edge_metrics_small,8d357f14794a20029ca3c919ede79629908f598a,"[1, 64, 512]",inputs_embeds,paper_style_feedback_dynamics,EleutherAI/pythia-70m,8.191828237613663e-05,direct,1.0,0,64,1193.0443115234375,0.038269296288490295,19,final_hidden,2026-07-09T12:10:31.351394+00:00,nonpad_flattened,EleutherAI/pythia-70m
3584,32,0,8,main,wikitext,wikitext-2-raw-v1,validation,cuda,float32,32,pythia_dynamical_edge_metrics_small,8d357f14794a20029ca3c919ede79629908f598a,"[1, 64, 512]",inputs_embeds,paper_style_feedback_dynamics,EleutherAI/pythia-70m,7.395545981125906e-05,direct,1.0,0,64,1193.046630859375,0.030163880437612534,20,final_hidden,2026-07-09T12:10:31.351394+00:00,nonpad_flattened,EleutherAI/pythia-70m
3584,32,0,8,main,wikitext,wikitext-2-raw-v1,validation,cuda,float32,32,pythia_dynamical_edge_metrics_small,8d357f14794a20029ca3c919ede79629908f598a,"[1, 64, 512]",inputs_embeds,paper_style_feedback_dynamics,EleutherAI/pythia-70m,8.003039692994207e-05,direct,1.0,0,64,1193.04833984375,0.02379530481994152,21,final_hidden,2026-07-09T12:10:31.351394+00:00,nonpad_flattened,EleutherAI/pythia-70m
3584,32,0,8,main,wikitext,wikitext-2-raw-v1,validation,cuda,float32,32,pythia_dynamical_edge_metrics_small,8d357f14794a20029ca3c919ede79629908f598a,"[1, 64, 512]",inputs_embeds,paper_style_feedback_dynamics,EleutherAI/pythia-70m,7.672596984775737e-05,direct,1.0,0,64,1193.0496826171875,0.018755337223410606,22,final_hidden,2026-07-09T12:10:31.351394+00:00,nonpad_flattened,EleutherAI/pythia-70m
3584,32,0,8,main,wikitext,wikitext-2-raw-v1,validation,cuda,float32,32,pythia_dynamical_edge_metrics_small,8d357f14794a20029ca3c919ede79629908f598a,"[1, 64, 512]",inputs_embeds,paper_style_feedback_dynamics,EleutherAI/pythia-70m,7.78493849793449e-05,direct,1.0,0,64,1193.05078125,0.01479390449821949,23,final_hidden,2026-07-09T12:10:31.351394+00:00,nonpad_flattened,EleutherAI/pythia-70m
3584,32,0,8,main,wikitext,wikitext-2-raw-v1,validation,cuda,float32,32,pythia_dynamical_edge_metrics_small,8d357f14794a20029ca3c919ede79629908f598a,"[1, 64, 512]",inputs_embeds,paper_style_feedback_dynamics,EleutherAI/pythia-70m,7.915696915006265e-05,direct,1.0,0,64,1193.0516357421875,0.011667219921946526,24,final_hidden,2026-07-09T12:10:31.351394+00:00,nonpad_flattened,EleutherAI/pythia-70m
3584,32,0,8,main,wikitext,wikitext-2-raw-v1,validation,cuda,float32,32,pythia_dynamical_edge_metrics_small,8d357f14794a20029ca3c919ede79629908f598a,"[1, 64, 512]",inputs_embeds,paper_style_feedback_dynamics,EleutherAI/pythia-70m,7.060263305902481e-05,direct,1.0,0,64,1193.05224609375,0.009189927950501442,25,final_hidden,2026-07-09T12:10:31.351394+00:00,nonpad_flattened,EleutherAI/pythia-70m
3584,32,0,8,main,wikitext,wikitext-2-raw-v1,validation,cuda,float32,32,pythia_dynamical_edge_metrics_small,8d357f14794a20029ca3c919ede79629908f598a,"[1, 64, 512]",inputs_embeds,paper_style_feedback_dynamics,EleutherAI/pythia-70m,7.261577411554754e-05,direct,1.0,0,64,1193.0528564453125,0.0072489348240196705,26,final_hidden,2026-07-09T12:10:31.351394+00:00,nonpad_flattened,EleutherAI/pythia-70m
3584,32,0,8,main,wikitext,wikitext-2-raw-v1,validation,cuda,float32,32,pythia_dynamical_edge_metrics_small,8d357f14794a20029ca3c919ede79629908f598a,"[1, 64, 512]",inputs_embeds,paper_style_feedback_dynamics,EleutherAI/pythia-70m,7.424657815136015e-05,direct,1.0,0,64,1193.05322265625,0.0057314676232635975,27,final_hidden,2026-07-09T12:10:31.351394+00:00,nonpad_flattened,EleutherAI/pythia-70m
3584,32,0,8,main,wikitext,wikitext-2-raw-v1,validation,cuda,float32,32,pythia_dynamical_edge_metrics_small,8d357f14794a20029ca3c919ede79629908f598a,"[1, 64, 512]",inputs_embeds,paper_style_feedback_dynamics,EleutherAI/pythia-70m,7.10945314494893e-05,direct,1.0,0,64,1193.0535888671875,0.004505660850554705,28,final_hidden,2026-07-09T12:10:31.351394+00:00,nonpad_flattened,EleutherAI/pythia-70m
3584,32,0,8,main,wikitext,wikitext-2-raw-v1,validation,cuda,float32,32,pythia_dynamical_edge_metrics_small,8d357f14794a20029ca3c919ede79629908f598a,"[1, 64, 512]",inputs_embeds,paper_style_feedback_dynamics,EleutherAI/pythia-70m,8.251435065176338e-05,direct,1.0,0,64,1193.0538330078125,0.003553759539499879,29,final_hidden,2026-07-09T12:10:31.351394+00:00,nonpad_flattened,EleutherAI/pythia-70m
3584,32,0,8,main,wikitext,wikitext-2-raw-v1,validation,cuda,float32,32,pythia_dynamical_edge_metrics_small,8d357f14794a20029ca3c919ede79629908f598a,"[1, 64, 512]",inputs_embeds,paper_style_feedback_dynamics,EleutherAI/pythia-70m,8.691187395015731e-05,direct,1.0,0,64,1193.053955078125,0.002806165488436818,30,final_hidden,2026-07-09T12:10:31.351394+00:00,nonpad_flattened,EleutherAI/pythia-70m
3584,32,0,8,main,wikitext,wikitext-2-raw-v1,validation,cuda,float32,32,pythia_dynamical_edge_metrics_small,8d357f14794a20029ca3c919ede79629908f598a,"[1, 64, 512]",inputs_embeds,paper_style_feedback_dynamics,EleutherAI/pythia-70m,8.730449917493388e-05,direct,1.0,0,64,1193.05419921875,0.0022133702877908945,31,final_hidden,2026-07-09T12:10:31.351394+00:00,nonpad_flattened,EleutherAI/pythia-70m
32768,32,1,8,main,wikitext,wikitext-2-raw-v1,validation,cuda,float32,32,pythia_dynamical_edge_metrics_small,8d357f14794a20029ca3c919ede79629908f598a,"[1, 64, 512]",inputs_embeds,paper_style_feedback_dynamics,EleutherAI/pythia-70m,0.0030947814229875803,direct,1.0,1,64,3603.091796875,13.451650619506836,0,final_hidden,2026-07-09T12:10:31.351394+00:00,nonpad_flattened,EleutherAI/pythia-70m
32768,32,1,8,main,wikitext,wikitext-2-raw-v1,validation,cuda,float32,32,pythia_dynamical_edge_metrics_small,8d357f14794a20029ca3c919ede79629908f598a,"[1, 64, 512]",inputs_embeds,paper_style_feedback_dynamics,EleutherAI/pythia-70m,0.0022783009335398674,direct,1.0,1,64,3604.151123046875,10.165755271911621,1,final_hidden,2026-07-09T12:10:31.351394+00:00,nonpad_flattened,EleutherAI/pythia-70m
32768,32,1,8,main,wikitext,wikitext-2-raw-v1,validation,cuda,float32,32,pythia_dynamical_edge_metrics_small,8d357f14794a20029ca3c919ede79629908f598a,"[1, 64, 512]",inputs_embeds,paper_style_feedback_dynamics,EleutherAI/pythia-70m,0.0017105621518567204,direct,1.0,1,64,3604.9423828125,7.784282684326172,2,final_hidden,2026-07-09T12:10:31.351394+00:00,nonpad_flattened,EleutherAI/pythia-70m
32768,32,1,8,main,wikitext,wikitext-2-raw-v1,validation,cuda,float32,32,pythia_dynamical_edge_metrics_small,8d357f14794a20029ca3c919ede79629908f598a,"[1, 64, 512]",inputs_embeds,paper_style_feedback_dynamics,EleutherAI/pythia-70m,0.001306809252128005,direct,1.0,1,64,3605.53662109375,6.0122575759887695,3,final_hidden,2026-07-09T12:10:31.351394+00:00,nonpad_flattened,EleutherAI/pythia-70m
32768,32,1,8,main,wikitext,wikitext-2-raw-v1,validation,cuda,float32,32,pythia_dynamical_edge_metrics_small,8d357f14794a20029ca3c919ede79629908f598a,"[1, 64, 512]",inputs_embeds,paper_style_feedback_dynamics,EleutherAI/pythia-70m,0.0010117131751030684,direct,1.0,1,64,3605.9853515625,4.6705121994018555,4,final_hidden,2026-07-09T12:10:31.351394+00:00,nonpad_flattened,EleutherAI/pythia-70m
32768,32,1,8,main,wikitext,wikitext-2-raw-v1,validation,cuda,float32,32,pythia_dynamical_edge_metrics_small,8d357f14794a20029ca3c919ede79629908f598a,"[1, 64, 512]",inputs_embeds,paper_style_feedback_dynamics,EleutherAI/pythia-70m,0.0007883055368438363,direct,1.0,1,64,3606.325439453125,3.6426892280578613,5,final_hidden,2026-07-09T12:10:31.351394+00:00,nonpad_flattened,EleutherAI/pythia-70m
32768,32,1,8,main,wikitext,wikitext-2-raw-v1,validation,cuda,float32,32,pythia_dynamical_edge_metrics_small,8d357f14794a20029ca3c919ede79629908f598a,"[1, 64, 512]",inputs_embeds,paper_style_feedback_dynamics,EleutherAI/pythia-70m,0.0006367312744259834,direct,1.0,1,64,3606.584716796875,2.8490729331970215,6,final_hidden,2026-07-09T12:10:31.351394+00:00,nonpad_flattened,EleutherAI/pythia-70m
32768,32,1,8,main,wikitext,wikitext-2-raw-v1,validation,cuda,float32,32,pythia_dynamical_edge_metrics_small,8d357f14794a20029ca3c919ede79629908f598a,"[1, 64, 512]",inputs_embeds,paper_style_feedback_dynamics,EleutherAI/pythia-70m,0.0005194722907617688,direct,1.0,1,64,3606.782958984375,2.23290753364563,7,final_hidden,2026-07-09T12:10:31.351394+00:00,nonpad_flattened,EleutherAI/pythia-70m
32768,32,1,8,main,wikitext,wikitext-2-raw-v1,validation,cuda,float32,32,pythia_dynamical_edge_metrics_small,8d357f14794a20029ca3c919ede79629908f598a,"[1, 64, 512]",inputs_embeds,paper_style_feedback_dynamics,EleutherAI/pythia-70m,0.00043422766611911356,direct,1.0,1,64,3606.935302734375,1.7526384592056274,8,final_hidden,2026-07-09T12:10:31.351394+00:00,nonpad_flattened,EleutherAI/pythia-70m
32768,32,1,8,main,wikitext,wikitext-2-raw-v1,validation,cuda,float32,32,pythia_dynamical_edge_metrics_small,8d357f14794a20029ca3c919ede79629908f598a,"[1, 64, 512]",inputs_embeds,paper_style_feedback_dynamics,EleutherAI/pythia-70m,0.0003712714242283255,direct,1.0,1,64,3607.05224609375,1.3772320747375488,9,final_hidden,2026-07-09T12:10:31.351394+00:00,nonpad_flattened,EleutherAI/pythia-70m
32768,32,1,8,main,wikitext,wikitext-2-raw-v1,validation,cuda,float32,32,pythia_dynamical_edge_metrics_small,8d357f14794a20029ca3c919ede79629908f598a,"[1, 64, 512]",inputs_embeds,paper_style_feedback_dynamics,EleutherAI/pythia-70m,0.00033433703356422484,direct,1.0,1,64,3607.142578125,1.0831434726715088,10,final_hidden,2026-07-09T12:10:31.351394+00:00,nonpad_flattened,EleutherAI/pythia-70m
32768,32,1,8,main,wikitext,wikitext-2-raw-v1,validation,cuda,float32,32,pythia_dynamical_edge_metrics_small,8d357f14794a20029ca3c919ede79629908f598a,"[1, 64, 512]",inputs_embeds,paper_style_feedback_dynamics,EleutherAI/pythia-70m,0.0003024456964340061,direct,1.0,1,64,3607.21240234375,0.8524335026741028,11,final_hidden,2026-07-09T12:10:31.351394+00:00,nonpad_flattened,EleutherAI/pythia-70m
32768,32,1,8,main,wikitext,wikitext-2-raw-v1,validation,cuda,float32,32,pythia_dynamical_edge_metrics_small,8d357f14794a20029ca3c919ede79629908f598a,"[1, 64, 512]",inputs_embeds,paper_style_feedback_dynamics,EleutherAI/pythia-70m,0.0002728826366364956,direct,1.0,1,64,3607.2666015625,0.6711987257003784,12,final_hidden,2026-07-09T12:10:31.351394+00:00,nonpad_flattened,EleutherAI/pythia-70m
32768,32,1,8,main,wikitext,wikitext-2-raw-v1,validation,cuda,float32,32,pythia_dynamical_edge_metrics_small,8d357f14794a20029ca3c919ede79629908f598a,"[1, 64, 512]",inputs_embeds,paper_style_feedback_dynamics,EleutherAI/pythia-70m,0.0002662509505171329,direct,1.0,1,64,3607.30859375,0.5287161469459534,13,final_hidden,2026-07-09T12:10:31.351394+00:00,nonpad_flattened,EleutherAI/pythia-70m
32768,32,1,8,main,wikitext,wikitext-2-raw-v1,validation,cuda,float32,32,pythia_dynamical_edge_metrics_small,8d357f14794a20029ca3c919ede79629908f598a,"[1, 64, 512]",inputs_embeds,paper_style_feedback_dynamics,EleutherAI/pythia-70m,0.00025472513516433537,direct,1.0,1,64,3607.34130859375,0.41660961508750916,14,final_hidden,2026-07-09T12:10:31.351394+00:00,nonpad_flattened,EleutherAI/pythia-70m
32768,32,1,8,main,wikitext,wikitext-2-raw-v1,validation,cuda,float32,32,pythia_dynamical_edge_metrics_small,8d357f14794a20029ca3c919ede79629908f598a,"[1, 64, 512]",inputs_embeds,paper_style_feedback_dynamics,EleutherAI/pythia-70m,0.00023670587688684464,direct,1.0,1,64,3607.366943359375,0.3283421993255615,15,final_hidden,2026-07-09T12:10:31.351394+00:00,nonpad_flattened,EleutherAI/pythia-70m
32768,32,1,8,main,wikitext,wikitext-2-raw-v1,validation,cuda,float32,32,pythia_dynamical_edge_metrics_small,8d357f14794a20029ca3c919ede79629908f598a,"[1, 64, 512]",inputs_embeds,paper_style_feedback_dynamics,EleutherAI/pythia-70m,0.0002453298948239535,direct,1.0,1,64,3607.386474609375,0.2588331997394562,16,final_hidden,2026-07-09T12:10:31.351394+00:00,nonpad_flattened,EleutherAI/pythia-70m
32768,32,1,8,main,wikitext,wikitext-2-raw-v1,validation,cuda,float32,32,pythia_dynamical_edge_metrics_small,8d357f14794a20029ca3c919ede79629908f598a,"[1, 64, 512]",inputs_embeds,paper_style_feedback_dynamics,EleutherAI/pythia-70m,0.00024145482166204602,direct,1.0,1,64,3607.40234375,0.20407642424106598,17,final_hidden,2026-07-09T12:10:31.351394+00:00,nonpad_flattened,EleutherAI/pythia-70m
32768,32,1,8,main,wikitext,wikitext-2-raw-v1,validation,cuda,float32,32,pythia_dynamical_edge_metrics_small,8d357f14794a20029ca3c919ede79629908f598a,"[1, 64, 512]",inputs_embeds,paper_style_feedback_dynamics,EleutherAI/pythia-70m,0.00024260995269287378,direct,1.0,1,64,3607.41455078125,0.16090795397758484,18,final_hidden,2026-07-09T12:10:31.351394+00:00,nonpad_flattened,EleutherAI/pythia-70m
32768,32,1,8,main,wikitext,wikitext-2-raw-v1,validation,cuda,float32,32,pythia_dynamical_edge_metrics_small,8d357f14794a20029ca3c919ede79629908f598a,"[1, 64, 512]",inputs_embeds,paper_style_feedback_dynamics,EleutherAI/pythia-70m,0.00024042779114097357,direct,1.0,1,64,3607.424072265625,0.1269010454416275,19,final_hidden,2026-07-09T12:10:31.351394+00:00,nonpad_flattened,EleutherAI/pythia-70m
32768,32,1,8,main,wikitext,wikitext-2-raw-v1,validation,cuda,float32,32,pythia_dynamical_edge_metrics_small,8d357f14794a20029ca3c919ede79629908f598a,"[1, 64, 512]",inputs_embeds,paper_style_feedback_dynamics,EleutherAI/pythia-70m,0.00024444336304441094,direct,1.0,1,64,3607.431396484375,0.10007001459598541,20,final_hidden,2026-07-09T12:10:31.351394+00:00,nonpad_flattened,EleutherAI/pythia-70m
32768,32,1,8,main,wikitext,wikitext-2-raw-v1,validation,cuda,float32,32,pythia_dynamical_edge_metrics_small,8d357f14794a20029ca3c919ede79629908f598a,"[1, 64, 512]",inputs_embeds,paper_style_feedback_dynamics,EleutherAI/pythia-70m,0.00023585402232129127,direct,1.0,1,64,3607.43701171875,0.07892178744077682,21,final_hidden,2026-07-09T12:10:31.351394+00:00,nonpad_flattened,EleutherAI/pythia-70m
32768,32,1,8,main,wikitext,wikitext-2-raw-v1,validation,cuda,float32,32,pythia_dynamical_edge_metrics_small,8d357f14794a20029ca3c919ede79629908f598a,"[1, 64, 512]",inputs_embeds,paper_style_feedback_dynamics,EleutherAI/pythia-70m,0.0002403118705842644,direct,1.0,1,64,3607.441650390625,0.06225602701306343,22,final_hidden,2026-07-09T12:10:31.351394+00:00,nonpad_flattened,EleutherAI/pythia-70m
32768,32,1,8,main,wikitext,wikitext-2-raw-v1,validation,cuda,float32,32,pythia_dynamical_edge_metrics_small,8d357f14794a20029ca3c919ede79629908f598a,"[1, 64, 512]",inputs_embeds,paper_style_feedback_dynamics,EleutherAI/pythia-70m,0.00022616029309574515,direct,1.0,1,64,3607.4453125,0.04911613091826439,23,final_hidden,2026-07-09T12:10:31.351394+00:00,nonpad_flattened,EleutherAI/pythia-70m
32768,32,1,8,main,wikitext,wikitext-2-raw-v1,validation,cuda,float32,32,pythia_dynamical_edge_metrics_small,8d357f14794a20029ca3c919ede79629908f598a,"[1, 64, 512]",inputs_embeds,paper_style_feedback_dynamics,EleutherAI/pythia-70m,0.00023588890326209366,direct,1.0,1,64,3607.447998046875,0.03872813656926155,24,final_hidden,2026-07-09T12:10:31.351394+00:00,nonpad_flattened,EleutherAI/pythia-70m
32768,32,1,8,main,wikitext,wikitext-2-raw-v1,validation,cuda,float32,32,pythia_dynamical_edge_metrics_small,8d357f14794a20029ca3c919ede79629908f598a,"[1, 64, 512]",inputs_embeds,paper_style_feedback_dynamics,EleutherAI/pythia-70m,0.00023646902991458774,direct,1.0,1,64,3607.450439453125,0.03056580200791359,25,final_hidden,2026-07-09T12:10:31.351394+00:00,nonpad_flattened,EleutherAI/pythia-70m
32768,32,1,8,main,wikitext,wikitext-2-raw-v1,validation,cuda,float32,32,pythia_dynamical_edge_metrics_small,8d357f14794a20029ca3c919ede79629908f598a,"[1, 64, 512]",inputs_embeds,paper_style_feedback_dynamics,EleutherAI/pythia-70m,0.00023972944472916424,direct,1.0,1,64,3607.451904296875,0.024095404893159866,26,final_hidden,2026-07-09T12:10:31.351394+00:00,nonpad_flattened,EleutherAI/pythia-70m
32768,32,1,8,main,wikitext,wikitext-2-raw-v1,validation,cuda,float32,32,pythia_dynamical_edge_metrics_small,8d357f14794a20029ca3c919ede79629908f598a,"[1, 64, 512]",inputs_embeds,paper_style_feedback_dynamics,EleutherAI/pythia-70m,0.0002334491873625666,direct,1.0,1,64,3607.453369140625,0.01902463473379612,27,final_hidden,2026-07-09T12:10:31.351394+00:00,nonpad_flattened,EleutherAI/pythia-70m
32768,32,1,8,main,wikitext,wikitext-2-raw-v1,validation,cuda,float32,32,pythia_dynamical_edge_metrics_small,8d357f14794a20029ca3c919ede79629908f598a,"[1, 64, 512]",inputs_embeds,paper_style_feedback_dynamics,EleutherAI/pythia-70m,0.00023945205612108111,direct,1.0,1,64,3607.45458984375,0.015011454001069069,28,final_hidden,2026-07-09T12:10:31.351394+00:00,nonpad_flattened,EleutherAI/pythia-70m
32768,32,1,8,main,wikitext,wikitext-2-raw-v1,validation,cuda,float32,32,pythia_dynamical_edge_metrics_small,8d357f14794a20029ca3c919ede79629908f598a,"[1, 64, 512]",inputs_embeds,paper_style_feedback_dynamics,EleutherAI/pythia-70m,0.00022657975205220282,direct,1.0,1,64,3607.455322265625,0.01182742603123188,29,final_hidden,2026-07-09T12:10:31.351394+00:00,nonpad_flattened,EleutherAI/pythia-70m
32768,32,1,8,main,wikitext,wikitext-2-raw-v1,validation,cuda,float32,32,pythia_dynamical_edge_metrics_small,8d357f14794a20029ca3c919ede79629908f598a,"[1, 64, 512]",inputs_embeds,paper_style_feedback_dynamics,EleutherAI/pythia-70m,0.00024867631145752966,direct,1.0,1,64,3607.455810546875,0.009342041797935963,30,final_hidden,2026-07-09T12:10:31.351394+00:00,nonpad_flattened,EleutherAI/pythia-70m
32768,32,1,8,main,wikitext,wikitext-2-raw-v1,validation,cuda,float32,32,pythia_dynamical_edge_metrics_small,8d357f14794a20029ca3c919ede79629908f598a,"[1, 64, 512]",inputs_embeds,paper_style_feedback_dynamics,EleutherAI/pythia-70m,0.00023846118710935116,direct,1.0,1,64,3607.45654296875,0.007339816074818373,31,final_hidden,2026-07-09T12:10:31.351394+00:00,nonpad_flattened,EleutherAI/pythia-70m
2560,32,2,8,main,wikitext,wikitext-2-raw-v1,validation,cuda,float32,32,pythia_dynamical_edge_metrics_small,8d357f14794a20029ca3c919ede79629908f598a,"[1, 64, 512]",inputs_embeds,paper_style_feedback_dynamics,EleutherAI/pythia-70m,0.00020669268269557506,direct,1.0,2,64,1007.2103881835938,3.4198100566864014,0,final_hidden,2026-07-09T12:10:31.351394+00:00,nonpad_flattened,EleutherAI/pythia-70m
2560,32,2,8,main,wikitext,wikitext-2-raw-v1,validation,cuda,float32,32,pythia_dynamical_edge_metrics_small,8d357f14794a20029ca3c919ede79629908f598a,"[1, 64, 512]",inputs_embeds,paper_style_feedback_dynamics,EleutherAI/pythia-70m,0.00015784888819325715,direct,1.0,2,64,1007.4849853515625,2.5553383827209473,1,final_hidden,2026-07-09T12:10:31.351394+00:00,nonpad_flattened,EleutherAI/pythia-70m
2560,32,2,8,main,wikitext,wikitext-2-raw-v1,validation,cuda,float32,32,pythia_dynamical_edge_metrics_small,8d357f14794a20029ca3c919ede79629908f598a,"[1, 64, 512]",inputs_embeds,paper_style_feedback_dynamics,EleutherAI/pythia-70m,0.00012689593131653965,direct,1.0,2,64,1007.6878051757812,1.9394179582595825,2,final_hidden,2026-07-09T12:10:31.351394+00:00,nonpad_flattened,EleutherAI/pythia-70m
2560,32,2,8,main,wikitext,wikitext-2-raw-v1,validation,cuda,float32,32,pythia_dynamical_edge_metrics_small,8d357f14794a20029ca3c919ede79629908f598a,"[1, 64, 512]",inputs_embeds,paper_style_feedback_dynamics,EleutherAI/pythia-70m,0.00010396418656455353,direct,1.0,2,64,1007.8385009765625,1.4876363277435303,3,final_hidden,2026-07-09T12:10:31.351394+00:00,nonpad_flattened,EleutherAI/pythia-70m
2560,32,2,8,main,wikitext,wikitext-2-raw-v1,validation,cuda,float32,32,pythia_dynamical_edge_metrics_small,8d357f14794a20029ca3c919ede79629908f598a,"[1, 64, 512]",inputs_embeds,paper_style_feedback_dynamics,EleutherAI/pythia-70m,8.651658572489396e-05,direct,1.0,2,64,1007.951416015625,1.149407982826233,4,final_hidden,2026-07-09T12:10:31.351394+00:00,nonpad_flattened,EleutherAI/pythia-70m
2560,32,2,8,main,wikitext,wikitext-2-raw-v1,validation,cuda,float32,32,pythia_dynamical_edge_metrics_small,8d357f14794a20029ca3c919ede79629908f598a,"[1, 64, 512]",inputs_embeds,paper_style_feedback_dynamics,EleutherAI/pythia-70m,8.316445746459067e-05,direct,1.0,2,64,1008.0364379882812,0.892603874206543,5,final_hidden,2026-07-09T12:10:31.351394+00:00,nonpad_flattened,EleutherAI/pythia-70m
2560,32,2,8,main,wikitext,wikitext-2-raw-v1,validation,cuda,float32,32,pythia_dynamical_edge_metrics_small,8d357f14794a20029ca3c919ede79629908f598a,"[1, 64, 512]",inputs_embeds,paper_style_feedback_dynamics,EleutherAI/pythia-70m,7.192427437985316e-05,direct,1.0,2,64,1008.1008911132812,0.6956775188446045,6,final_hidden,2026-07-09T12:10:31.351394+00:00,nonpad_flattened,EleutherAI/pythia-70m
2560,32,2,8,main,wikitext,wikitext-2-raw-v1,validation,cuda,float32,32,pythia_dynamical_edge_metrics_small,8d357f14794a20029ca3c919ede79629908f598a,"[1, 64, 512]",inputs_embeds,paper_style_feedback_dynamics,EleutherAI/pythia-70m,7.376381836365908e-05,direct,1.0,2,64,1008.14990234375,0.5436427593231201,7,final_hidden,2026-07-09T12:10:31.351394+00:00,nonpad_flattened,EleutherAI/pythia-70m
2560,32,2,8,main,wikitext,wikitext-2-raw-v1,validation,cuda,float32,32,pythia_dynamical_edge_metrics_small,8d357f14794a20029ca3c919ede79629908f598a,"[1, 64, 512]",inputs_embeds,paper_style_feedback_dynamics,EleutherAI/pythia-70m,8.285872172564268e-05,direct,1.0,2,64,1008.1874389648438,0.42565974593162537,8,final_hidden,2026-07-09T12:10:31.351394+00:00,nonpad_flattened,EleutherAI/pythia-70m
2560,32,2,8,main,wikitext,wikitext-2-raw-v1,validation,cuda,float32,32,pythia_dynamical_edge_metrics_small,8d357f14794a20029ca3c919ede79629908f598a,"[1, 64, 512]",inputs_embeds,paper_style_feedback_dynamics,EleutherAI/pythia-70m,6.656200275756419e-05,direct,1.0,2,64,1008.2161865234375,0.33378902077674866,9,final_hidden,2026-07-09T12:10:31.351394+00:00,nonpad_flattened,EleutherAI/pythia-70m
2560,32,2,8,main,wikitext,wikitext-2-raw-v1,validation,cuda,float32,32,pythia_dynamical_edge_metrics_small,8d357f14794a20029ca3c919ede79629908f598a,"[1, 64, 512]",inputs_embeds,paper_style_feedback_dynamics,EleutherAI/pythia-70m,6.923940236447379e-05,direct,1.0,2,64,1008.2384033203125,0.2620406448841095,10,final_hidden,2026-07-09T12:10:31.351394+00:00,nonpad_flattened,EleutherAI/pythia-70m
2560,32,2,8,main,wikitext,wikitext-2-raw-v1,validation,cuda,float32,32,pythia_dynamical_edge_metrics_small,8d357f14794a20029ca3c919ede79629908f598a,"[1, 64, 512]",inputs_embeds,paper_style_feedback_dynamics,EleutherAI/pythia-70m,7.163278496591374e-05,direct,1.0,2,64,1008.2554931640625,0.20591501891613007,11,final_hidden,2026-07-09T12:10:31.351394+00:00,nonpad_flattened,EleutherAI/pythia-70m
2560,32,2,8,main,wikitext,wikitext-2-raw-v1,validation,cuda,float32,32,pythia_dynamical_edge_metrics_small,8d357f14794a20029ca3c919ede79629908f598a,"[1, 64, 512]",inputs_embeds,paper_style_feedback_dynamics,EleutherAI/pythia-70m,6.16701363469474e-05,direct,1.0,2,64,1008.2687377929688,0.16192787885665894,12,final_hidden,2026-07-09T12:10:31.351394+00:00,nonpad_flattened,EleutherAI/pythia-70m
2560,32,2,8,main,wikitext,wikitext-2-raw-v1,validation,cuda,float32,32,pythia_dynamical_edge_metrics_small,8d357f14794a20029ca3c919ede79629908f598a,"[1, 64, 512]",inputs_embeds,paper_style_feedback_dynamics,EleutherAI/pythia-70m,6.734606722602621e-05,direct,1.0,2,64,1008.2789306640625,0.12739093601703644,13,final_hidden,2026-07-09T12:10:31.351394+00:00,nonpad_flattened,EleutherAI/pythia-70m
2560,32,2,8,main,wikitext,wikitext-2-raw-v1,validation,cuda,float32,32,pythia_dynamical_edge_metrics_small,8d357f14794a20029ca3c919ede79629908f598a,"[1, 64, 512]",inputs_embeds,paper_style_feedback_dynamics,EleutherAI/pythia-70m,6.211794243426993e-05,direct,1.0,2,64,1008.2869262695312,0.10028361529111862,14,final_hidden,2026-07-09T12:10:31.351394+00:00,nonpad_flattened,EleutherAI/pythia-70m
2560,32,2,8,main,wikitext,wikitext-2-raw-v1,validation,cuda,float32,32,pythia_dynamical_edge_metrics_small,8d357f14794a20029ca3c919ede79629908f598a,"[1, 64, 512]",inputs_embeds,paper_style_feedback_dynamics,EleutherAI/pythia-70m,6.522458716062829e-05,direct,1.0,2,64,1008.2930908203125,0.07897666096687317,15,final_hidden,2026-07-09T12:10:31.351394+00:00,nonpad_flattened,EleutherAI/pythia-70m
2560,32,2,8,main,wikitext,wikitext-2-raw-v1,validation,cuda,float32,32,pythia_dynamical_edge_metrics_small,8d357f14794a20029ca3c919ede79629908f598a,"[1, 64, 512]",inputs_embeds,paper_style_feedback_dynamics,EleutherAI/pythia-70m,6.633807788603008e-05,direct,1.0,2,64,1008.2979736328125,0.062208469957113266,16,final_hidden,2026-07-09T12:10:31.351394+00:00,nonpad_flattened,EleutherAI/pythia-70m
2560,32,2,8,main,wikitext,wikitext-2-raw-v1,validation,cuda,float32,32,pythia_dynamical_edge_metrics_small,8d357f14794a20029ca3c919ede79629908f598a,"[1, 64, 512]",inputs_embeds,paper_style_feedback_dynamics,EleutherAI/pythia-70m,6.32666633464396e-05,direct,1.0,2,64,1008.3017578125,0.049010828137397766,17,final_hidden,2026-07-09T12:10:31.351394+00:00,nonpad_flattened,EleutherAI/pythia-70m
2560,32,2,8,main,wikitext,wikitext-2-raw-v1,validation,cuda,float32,32,pythia_dynamical_edge_metrics_small,8d357f14794a20029ca3c919ede79629908f598a,"[1, 64, 512]",inputs_embeds,paper_style_feedback_dynamics,EleutherAI/pythia-70m,6.222738738870248e-05,direct,1.0,2,64,1008.3046875,0.03861738368868828,18,final_hidden,2026-07-09T12:10:31.351394+00:00,nonpad_flattened,EleutherAI/pythia-70m
2560,32,2,8,main,wikitext,wikitext-2-raw-v1,validation,cuda,float32,32,pythia_dynamical_edge_metrics_small,8d357f14794a20029ca3c919ede79629908f598a,"[1, 64, 512]",inputs_embeds,paper_style_feedback_dynamics,EleutherAI/pythia-70m,6.41942024230957e-05,direct,1.0,2,64,1008.3069458007812,0.03044719621539116,19,final_hidden,2026-07-09T12:10:31.351394+00:00,nonpad_flattened,EleutherAI/pythia-70m
2560,32,2,8,main,wikitext,wikitext-2-raw-v1,validation,cuda,float32,32,pythia_dynamical_edge_metrics_small,8d357f14794a20029ca3c919ede79629908f598a,"[1, 64, 512]",inputs_embeds,paper_style_feedback_dynamics,EleutherAI/pythia-70m,6.642109656240791e-05,direct,1.0,2,64,1008.3087158203125,0.023997051641345024,20,final_hidden,2026-07-09T12:10:31.351394+00:00,nonpad_flattened,EleutherAI/pythia-70m
2560,32,2,8,main,wikitext,wikitext-2-raw-v1,validation,cuda,float32,32,pythia_dynamical_edge_metrics_small,8d357f14794a20029ca3c919ede79629908f598a,"[1, 64, 512]",inputs_embeds,paper_style_feedback_dynamics,EleutherAI/pythia-70m,7.920544885564595e-05,direct,1.0,2,64,1008.3101806640625,0.018921544775366783,21,final_hidden,2026-07-09T12:10:31.351394+00:00,nonpad_flattened,EleutherAI/pythia-70m
2560,32,2,8,main,wikitext,wikitext-2-raw-v1,validation,cuda,float32,32,pythia_dynamical_edge_metrics_small,8d357f14794a20029ca3c919ede79629908f598a,"[1, 64, 512]",inputs_embeds,paper_style_feedback_dynamics,EleutherAI/pythia-70m,5.897417213418521e-05,direct,1.0,2,64,1008.311279296875,0.014920343644917011,22,final_hidden,2026-07-09T12:10:31.351394+00:00,nonpad_flattened,EleutherAI/pythia-70m
2560,32,2,8,main,wikitext,wikitext-2-raw-v1,validation,cuda,float32,32,pythia_dynamical_edge_metrics_small,8d357f14794a20029ca3c919ede79629908f598a,"[1, 64, 512]",inputs_embeds,paper_style_feedback_dynamics,EleutherAI/pythia-70m,5.840575249749236e-05,direct,1.0,2,64,1008.3120727539062,0.011765586212277412,23,final_hidden,2026-07-09T12:10:31.351394+00:00,nonpad_flattened,EleutherAI/pythia-70m
2560,32,2,8,main,wikitext,wikitext-2-raw-v1,validation,cuda,float32,32,pythia_dynamical_edge_metrics_small,8d357f14794a20029ca3c919ede79629908f598a,"[1, 64, 512]",inputs_embeds,paper_style_feedback_dynamics,EleutherAI/pythia-70m,7.49835089663975e-05,direct,1.0,2,64,1008.3128051757812,0.009291952475905418,24,final_hidden,2026-07-09T12:10:31.351394+00:00,nonpad_flattened,EleutherAI/pythia-70m
2560,32,2,8,main,wikitext,wikitext-2-raw-v1,validation,cuda,float32,32,pythia_dynamical_edge_metrics_small,8d357f14794a20029ca3c919ede79629908f598a,"[1, 64, 512]",inputs_embeds,paper_style_feedback_dynamics,EleutherAI/pythia-70m,6.360084080370143e-05,direct,1.0,2,64,1008.3132934570312,0.00731614138931036,25,final_hidden,2026-07-09T12:10:31.351394+00:00,nonpad_flattened,EleutherAI/pythia-70m
2560,32,2,8,main,wikitext,wikitext-2-raw-v1,validation,cuda,float32,32,pythia_dynamical_edge_metrics_small,8d357f14794a20029ca3c919ede79629908f598a,"[1, 64, 512]",inputs_embeds,paper_style_feedback_dynamics,EleutherAI/pythia-70m,5.728768519475125e-05,direct,1.0,2,64,1008.3137817382812,0.005772511009126902,26,final_hidden,2026-07-09T12:10:31.351394+00:00,nonpad_flattened,EleutherAI/pythia-70m
2560,32,2,8,main,wikitext,wikitext-2-raw-v1,validation,cuda,float32,32,pythia_dynamical_edge_metrics_small,8d357f14794a20029ca3c919ede79629908f598a,"[1, 64, 512]",inputs_embeds,paper_style_feedback_dynamics,EleutherAI/pythia-70m,8.861720561981201e-05,direct,1.0,2,64,1008.3140869140625,0.004547248128801584,27,final_hidden,2026-07-09T12:10:31.351394+00:00,nonpad_flattened,EleutherAI/pythia-70m
2560,32,2,8,main,wikitext,wikitext-2-raw-v1,validation,cuda,float32,32,pythia_dynamical_edge_metrics_small,8d357f14794a20029ca3c919ede79629908f598a,"[1, 64, 512]",inputs_embeds,paper_style_feedback_dynamics,EleutherAI/pythia-70m,6.782434502383694e-05,direct,1.0,2,64,1008.3143310546875,0.003585633123293519,28,final_hidden,2026-07-09T12:10:31.351394+00:00,nonpad_flattened,EleutherAI/pythia-70m
2560,32,2,8,main,wikitext,wikitext-2-raw-v1,validation,cuda,float32,32,pythia_dynamical_edge_metrics_small,8d357f14794a20029ca3c919ede79629908f598a,"[1, 64, 512]",inputs_embeds,paper_style_feedback_dynamics,EleutherAI/pythia-70m,7.297308911802247e-05,direct,1.0,2,64,1008.3145751953125,0.002831312594935298,29,final_hidden,2026-07-09T12:10:31.351394+00:00,nonpad_flattened,EleutherAI/pythia-70m
2560,32,2,8,main,wikitext,wikitext-2-raw-v1,validation,cuda,float32,32,pythia_dynamical_edge_metrics_small,8d357f14794a20029ca3c919ede79629908f598a,"[1, 64, 512]",inputs_embeds,paper_style_feedback_dynamics,EleutherAI/pythia-70m,6.508293154183775e-05,direct,1.0,2,64,1008.314697265625,0.0022324216552078724,30,final_hidden,2026-07-09T12:10:31.351394+00:00,nonpad_flattened,EleutherAI/pythia-70m
2560,32,2,8,main,wikitext,wikitext-2-raw-v1,validation,cuda,float32,32,pythia_dynamical_edge_metrics_small,8d357f14794a20029ca3c919ede79629908f598a,"[1, 64, 512]",inputs_embeds,paper_style_feedback_dynamics,EleutherAI/pythia-70m,6.763853161828592e-05,direct,1.0,2,64,1008.3148193359375,0.0017572804354131222,31,final_hidden,2026-07-09T12:10:31.351394+00:00,nonpad_flattened,EleutherAI/pythia-70m
32768,32,3,8,main,wikitext,wikitext-2-raw-v1,validation,cuda,float32,32,pythia_dynamical_edge_metrics_small,8d357f14794a20029ca3c919ede79629908f598a,"[1, 64, 512]",inputs_embeds,paper_style_feedback_dynamics,EleutherAI/pythia-70m,0.0028563253581523895,direct,1.0,3,64,3603.034912109375,13.443684577941895,0,final_hidden,2026-07-09T12:10:31.351394+00:00,nonpad_flattened,EleutherAI/pythia-70m
32768,32,3,8,main,wikitext,wikitext-2-raw-v1,validation,cuda,float32,32,pythia_dynamical_edge_metrics_small,8d357f14794a20029ca3c919ede79629908f598a,"[1, 64, 512]",inputs_embeds,paper_style_feedback_dynamics,EleutherAI/pythia-70m,0.002088648034259677,direct,1.0,3,64,3604.12744140625,10.121200561523438,1,final_hidden,2026-07-09T12:10:31.351394+00:00,nonpad_flattened,EleutherAI/pythia-70m
32768,32,3,8,main,wikitext,wikitext-2-raw-v1,validation,cuda,float32,32,pythia_dynamical_edge_metrics_small,8d357f14794a20029ca3c919ede79629908f598a,"[1, 64, 512]",inputs_embeds,paper_style_feedback_dynamics,EleutherAI/pythia-70m,0.0015657854964956641,direct,1.0,3,64,3604.9365234375,7.722955226898193,2,final_hidden,2026-07-09T12:10:31.351394+00:00,nonpad_flattened,EleutherAI/pythia-70m
32768,32,3,8,main,wikitext,wikitext-2-raw-v1,validation,cuda,float32,32,pythia_dynamical_edge_metrics_small,8d357f14794a20029ca3c919ede79629908f598a,"[1, 64, 512]",inputs_embeds,paper_style_feedback_dynamics,EleutherAI/pythia-70m,0.0011896557407453656,direct,1.0,3,64,3605.5400390625,5.946203231811523,3,final_hidden,2026-07-09T12:10:31.351394+00:00,nonpad_flattened,EleutherAI/pythia-70m
32768,32,3,8,main,wikitext,wikitext-2-raw-v1,validation,cuda,float32,32,pythia_dynamical_edge_metrics_small,8d357f14794a20029ca3c919ede79629908f598a,"[1, 64, 512]",inputs_embeds,paper_style_feedback_dynamics,EleutherAI/pythia-70m,0.0009231676231138408,direct,1.0,3,64,3605.9931640625,4.606534004211426,4,final_hidden,2026-07-09T12:10:31.351394+00:00,nonpad_flattened,EleutherAI/pythia-70m
32768,32,3,8,main,wikitext,wikitext-2-raw-v1,validation,cuda,float32,32,pythia_dynamical_edge_metrics_small,8d357f14794a20029ca3c919ede79629908f598a,"[1, 64, 512]",inputs_embeds,paper_style_feedback_dynamics,EleutherAI/pythia-70m,0.0007234771037474275,direct,1.0,3,64,3606.3349609375,3.584251642227173,5,final_hidden,2026-07-09T12:10:31.351394+00:00,nonpad_flattened,EleutherAI/pythia-70m
32768,32,3,8,main,wikitext,wikitext-2-raw-v1,validation,cuda,float32,32,pythia_dynamical_edge_metrics_small,8d357f14794a20029ca3c919ede79629908f598a,"[1, 64, 512]",inputs_embeds,paper_style_feedback_dynamics,EleutherAI/pythia-70m,0.0005818458157591522,direct,1.0,3,64,3606.593994140625,2.7976484298706055,6,final_hidden,2026-07-09T12:10:31.351394+00:00,nonpad_flattened,EleutherAI/pythia-70m
32768,32,3,8,main,wikitext,wikitext-2-raw-v1,validation,cuda,float32,32,pythia_dynamical_edge_metrics_small,8d357f14794a20029ca3c919ede79629908f598a,"[1, 64, 512]",inputs_embeds,paper_style_feedback_dynamics,EleutherAI/pythia-70m,0.00047643683501519263,direct,1.0,3,64,3606.791748046875,2.1887600421905518,7,final_hidden,2026-07-09T12:10:31.351394+00:00,nonpad_flattened,EleutherAI/pythia-70m
32768,32,3,8,main,wikitext,wikitext-2-raw-v1,validation,cuda,float32,32,pythia_dynamical_edge_metrics_small,8d357f14794a20029ca3c919ede79629908f598a,"[1, 64, 512]",inputs_embeds,paper_style_feedback_dynamics,EleutherAI/pythia-70m,0.00039984079194255173,direct,1.0,3,64,3606.94287109375,1.7154234647750854,8,final_hidden,2026-07-09T12:10:31.351394+00:00,nonpad_flattened,EleutherAI/pythia-70m
32768,32,3,8,main,wikitext,wikitext-2-raw-v1,validation,cuda,float32,32,pythia_dynamical_edge_metrics_small,8d357f14794a20029ca3c919ede79629908f598a,"[1, 64, 512]",inputs_embeds,paper_style_feedback_dynamics,EleutherAI/pythia-70m,0.00034990027779713273,direct,1.0,3,64,3607.058837890625,1.346269130706787,9,final_hidden,2026-07-09T12:10:31.351394+00:00,nonpad_flattened,EleutherAI/pythia-70m
32768,32,3,8,main,wikitext,wikitext-2-raw-v1,validation,cuda,float32,32,pythia_dynamical_edge_metrics_small,8d357f14794a20029ca3c919ede79629908f598a,"[1, 64, 512]",inputs_embeds,paper_style_feedback_dynamics,EleutherAI/pythia-70m,0.00032129904138855636,direct,1.0,3,64,3607.148193359375,1.0576446056365967,10,final_hidden,2026-07-09T12:10:31.351394+00:00,nonpad_flattened,EleutherAI/pythia-70m
32768,32,3,8,main,wikitext,wikitext-2-raw-v1,validation,cuda,float32,32,pythia_dynamical_edge_metrics_small,8d357f14794a20029ca3c919ede79629908f598a,"[1, 64, 512]",inputs_embeds,paper_style_feedback_dynamics,EleutherAI/pythia-70m,0.0002912818163167685,direct,1.0,3,64,3607.217041015625,0.8315989971160889,11,final_hidden,2026-07-09T12:10:31.351394+00:00,nonpad_flattened,EleutherAI/pythia-70m
32768,32,3,8,main,wikitext,wikitext-2-raw-v1,validation,cuda,float32,32,pythia_dynamical_edge_metrics_small,8d357f14794a20029ca3c919ede79629908f598a,"[1, 64, 512]",inputs_embeds,paper_style_feedback_dynamics,EleutherAI/pythia-70m,0.00026269795489497483,direct,1.0,3,64,3607.2705078125,0.6542920470237732,12,final_hidden,2026-07-09T12:10:31.351394+00:00,nonpad_flattened,EleutherAI/pythia-70m
32768,32,3,8,main,wikitext,wikitext-2-raw-v1,validation,cuda,float32,32,pythia_dynamical_edge_metrics_small,8d357f14794a20029ca3c919ede79629908f598a,"[1, 64, 512]",inputs_embeds,paper_style_feedback_dynamics,EleutherAI/pythia-70m,0.00025488995015621185,direct,1.0,3,64,3607.311767578125,0.5150535106658936,13,final_hidden,2026-07-09T12:10:31.351394+00:00,nonpad_flattened,EleutherAI/pythia-70m
32768,32,3,8,main,wikitext,wikitext-2-raw-v1,validation,cuda,float32,32,pythia_dynamical_edge_metrics_small,8d357f14794a20029ca3c919ede79629908f598a,"[1, 64, 512]",inputs_embeds,paper_style_feedback_dynamics,EleutherAI/pythia-70m,0.0002407241554465145,direct,1.0,3,64,3607.343994140625,0.4056017994880676,14,final_hidden,2026-07-09T12:10:31.351394+00:00,nonpad_flattened,EleutherAI/pythia-70m
32768,32,3,8,main,wikitext,wikitext-2-raw-v1,validation,cuda,float32,32,pythia_dynamical_edge_metrics_small,8d357f14794a20029ca3c919ede79629908f598a,"[1, 64, 512]",inputs_embeds,paper_style_feedback_dynamics,EleutherAI/pythia-70m,0.00023682811297476292,direct,1.0,3,64,3607.368896484375,0.31953534483909607,15,final_hidden,2026-07-09T12:10:31.351394+00:00,nonpad_flattened,EleutherAI/pythia-70m
32768,32,3,8,main,wikitext,wikitext-2-raw-v1,validation,cuda,float32,32,pythia_dynamical_edge_metrics_small,8d357f14794a20029ca3c919ede79629908f598a,"[1, 64, 512]",inputs_embeds,paper_style_feedback_dynamics,EleutherAI/pythia-70m,0.00023506820434704423,direct,1.0,3,64,3607.388427734375,0.2517769932746887,16,final_hidden,2026-07-09T12:10:31.351394+00:00,nonpad_flattened,EleutherAI/pythia-70m
32768,32,3,8,main,wikitext,wikitext-2-raw-v1,validation,cuda,float32,32,pythia_dynamical_edge_metrics_small,8d357f14794a20029ca3c919ede79629908f598a,"[1, 64, 512]",inputs_embeds,paper_style_feedback_dynamics,EleutherAI/pythia-70m,0.00023556710220873356,direct,1.0,3,64,3607.403564453125,0.19843432307243347,17,final_hidden,2026-07-09T12:10:31.351394+00:00,nonpad_flattened,EleutherAI/pythia-70m
32768,32,3,8,main,wikitext,wikitext-2-raw-v1,validation,cuda,float32,32,pythia_dynamical_edge_metrics_small,8d357f14794a20029ca3c919ede79629908f598a,"[1, 64, 512]",inputs_embeds,paper_style_feedback_dynamics,EleutherAI/pythia-70m,0.0002224074414698407,direct,1.0,3,64,3607.41552734375,0.15643303096294403,18,final_hidden,2026-07-09T12:10:31.351394+00:00,nonpad_flattened,EleutherAI/pythia-70m
32768,32,3,8,main,wikitext,wikitext-2-raw-v1,validation,cuda,float32,32,pythia_dynamical_edge_metrics_small,8d357f14794a20029ca3c919ede79629908f598a,"[1, 64, 512]",inputs_embeds,paper_style_feedback_dynamics,EleutherAI/pythia-70m,0.0002376576157985255,direct,1.0,3,64,3607.4248046875,0.12333967536687851,19,final_hidden,2026-07-09T12:10:31.351394+00:00,nonpad_flattened,EleutherAI/pythia-70m
32768,32,3,8,main,wikitext,wikitext-2-raw-v1,validation,cuda,float32,32,pythia_dynamical_edge_metrics_small,8d357f14794a20029ca3c919ede79629908f598a,"[1, 64, 512]",inputs_embeds,paper_style_feedback_dynamics,EleutherAI/pythia-70m,0.00023670951486565173,direct,1.0,3,64,3607.43212890625,0.09724809974431992,20,final_hidden,2026-07-09T12:10:31.351394+00:00,nonpad_flattened,EleutherAI/pythia-70m
32768,32,3,8,main,wikitext,wikitext-2-raw-v1,validation,cuda,float32,32,pythia_dynamical_edge_metrics_small,8d357f14794a20029ca3c919ede79629908f598a,"[1, 64, 512]",inputs_embeds,paper_style_feedback_dynamics,EleutherAI/pythia-70m,0.00023172097280621529,direct,1.0,3,64,3607.4375,0.07667151838541031,21,final_hidden,2026-07-09T12:10:31.351394+00:00,nonpad_flattened,EleutherAI/pythia-70m
32768,32,3,8,main,wikitext,wikitext-2-raw-v1,validation,cuda,float32,32,pythia_dynamical_edge_metrics_small,8d357f14794a20029ca3c919ede79629908f598a,"[1, 64, 512]",inputs_embeds,paper_style_feedback_dynamics,EleutherAI/pythia-70m,0.00022336751862894744,direct,1.0,3,64,3607.442138671875,0.06048031151294708,22,final_hidden,2026-07-09T12:10:31.351394+00:00,nonpad_flattened,EleutherAI/pythia-70m
32768,32,3,8,main,wikitext,wikitext-2-raw-v1,validation,cuda,float32,32,pythia_dynamical_edge_metrics_small,8d357f14794a20029ca3c919ede79629908f598a,"[1, 64, 512]",inputs_embeds,paper_style_feedback_dynamics,EleutherAI/pythia-70m,0.0002287938114022836,direct,1.0,3,64,3607.445556640625,0.04770471155643463,23,final_hidden,2026-07-09T12:10:31.351394+00:00,nonpad_flattened,EleutherAI/pythia-70m
32768,32,3,8,main,wikitext,wikitext-2-raw-v1,validation,cuda,float32,32,pythia_dynamical_edge_metrics_small,8d357f14794a20029ca3c919ede79629908f598a,"[1, 64, 512]",inputs_embeds,paper_style_feedback_dynamics,EleutherAI/pythia-70m,0.00022654853819403797,direct,1.0,3,64,3607.4482421875,0.037614013999700546,24,final_hidden,2026-07-09T12:10:31.351394+00:00,nonpad_flattened,EleutherAI/pythia-70m
32768,32,3,8,main,wikitext,wikitext-2-raw-v1,validation,cuda,float32,32,pythia_dynamical_edge_metrics_small,8d357f14794a20029ca3c919ede79629908f598a,"[1, 64, 512]",inputs_embeds,paper_style_feedback_dynamics,EleutherAI/pythia-70m,0.00023004342801868916,direct,1.0,3,64,3607.450439453125,0.029687587171792984,25,final_hidden,2026-07-09T12:10:31.351394+00:00,nonpad_flattened,EleutherAI/pythia-70m
32768,32,3,8,main,wikitext,wikitext-2-raw-v1,validation,cuda,float32,32,pythia_dynamical_edge_metrics_small,8d357f14794a20029ca3c919ede79629908f598a,"[1, 64, 512]",inputs_embeds,paper_style_feedback_dynamics,EleutherAI/pythia-70m,0.00023271117242984474,direct,1.0,3,64,3607.4521484375,0.02342018485069275,26,final_hidden,2026-07-09T12:10:31.351394+00:00,nonpad_flattened,EleutherAI/pythia-70m
32768,32,3,8,main,wikitext,wikitext-2-raw-v1,validation,cuda,float32,32,pythia_dynamical_edge_metrics_small,8d357f14794a20029ca3c919ede79629908f598a,"[1, 64, 512]",inputs_embeds,paper_style_feedback_dynamics,EleutherAI/pythia-70m,0.00022849405650049448,direct,1.0,3,64,3607.45361328125,0.018481889739632607,27,final_hidden,2026-07-09T12:10:31.351394+00:00,nonpad_flattened,EleutherAI/pythia-70m
32768,32,3,8,main,wikitext,wikitext-2-raw-v1,validation,cuda,float32,32,pythia_dynamical_edge_metrics_small,8d357f14794a20029ca3c919ede79629908f598a,"[1, 64, 512]",inputs_embeds,paper_style_feedback_dynamics,EleutherAI/pythia-70m,0.0002225005446234718,direct,1.0,3,64,3607.45458984375,0.014570873230695724,28,final_hidden,2026-07-09T12:10:31.351394+00:00,nonpad_flattened,EleutherAI/pythia-70m
32768,32,3,8,main,wikitext,wikitext-2-raw-v1,validation,cuda,float32,32,pythia_dynamical_edge_metrics_small,8d357f14794a20029ca3c919ede79629908f598a,"[1, 64, 512]",inputs_embeds,paper_style_feedback_dynamics,EleutherAI/pythia-70m,0.00022602808894589543,direct,1.0,3,64,3607.45556640625,0.011491158977150917,29,final_hidden,2026-07-09T12:10:31.351394+00:00,nonpad_flattened,EleutherAI/pythia-70m
32768,32,3,8,main,wikitext,wikitext-2-raw-v1,validation,cuda,float32,32,pythia_dynamical_edge_metrics_small,8d357f14794a20029ca3c919ede79629908f598a,"[1, 64, 512]",inputs_embeds,paper_style_feedback_dynamics,EleutherAI/pythia-70m,0.00024989451048895717,direct,1.0,3,64,3607.4560546875,0.00906502828001976,30,final_hidden,2026-07-09T12:10:31.351394+00:00,nonpad_flattened,EleutherAI/pythia-70m
32768,32,3,8,main,wikitext,wikitext-2-raw-v1,validation,cuda,float32,32,pythia_dynamical_edge_metrics_small,8d357f14794a20029ca3c919ede79629908f598a,"[1, 64, 512]",inputs_embeds,paper_style_feedback_dynamics,EleutherAI/pythia-70m,0.00024035900423768908,direct,1.0,3,64,3607.45654296875,0.0071265059523284435,31,final_hidden,2026-07-09T12:10:31.351394+00:00,nonpad_flattened,EleutherAI/pythia-70m
