active_dim,actual_eval_states,batch_index,burn_in_steps,checkpoint,dataset,dataset_config,dataset_split,device,dtype,eval_steps,experiment,git_commit,input_shape,input_space,method,model,nearby_distance,operator_update,projection_mode,projection_next,projection_value,residual_alpha,sample_index,sequence_length,state_norm,step_delta,step_index,target,timestamp,token_mode,tokenizer,section_value,crossing_order
6272,128,0,64,main,wikitext,wikitext-2-raw-v1,validation,cuda,float32,128,qwen_dynamical_edge_normal_long,0be219064d7f2de285c4637dbbf99d87feb1bdfb,"[1, 128, 896]",inputs_embeds,paper_style_feedback_dynamics,Qwen/Qwen2.5-0.5B,0.00015744786651339382,direct,fixed_random,14.054655075073242,14.051576614379883,1.0,0,128,1142.3153076171875,0.32696688175201416,39,final_hidden,2026-07-10T15:12:24.317889+00:00,nonpad_flattened,Qwen/Qwen2.5-0.5B,0.001953125,0
6272,128,0,64,main,wikitext,wikitext-2-raw-v1,validation,cuda,float32,128,qwen_dynamical_edge_normal_long,0be219064d7f2de285c4637dbbf99d87feb1bdfb,"[1, 128, 896]",inputs_embeds,paper_style_feedback_dynamics,Qwen/Qwen2.5-0.5B,0.00011819961946457624,direct,fixed_random,14.094356536865234,14.09433364868164,1.0,0,128,1142.3134765625,0.001719038002192974,101,final_hidden,2026-07-10T15:12:24.317889+00:00,nonpad_flattened,Qwen/Qwen2.5-0.5B,0.0001220703125,1
114688,128,1,64,main,wikitext,wikitext-2-raw-v1,validation,cuda,float32,128,qwen_dynamical_edge_normal_long,0be219064d7f2de285c4637dbbf99d87feb1bdfb,"[1, 128, 896]",inputs_embeds,paper_style_feedback_dynamics,Qwen/Qwen2.5-0.5B,0.21370463073253632,direct,fixed_random,-15.879592895507812,-15.718515396118164,1.0,1,128,4601.6103515625,98.37095642089844,18,final_hidden,2026-07-10T15:12:24.317889+00:00,nonpad_flattened,Qwen/Qwen2.5-0.5B,1.4208984375,0
114688,128,1,64,main,wikitext,wikitext-2-raw-v1,validation,cuda,float32,128,qwen_dynamical_edge_normal_long,0be219064d7f2de285c4637dbbf99d87feb1bdfb,"[1, 128, 896]",inputs_embeds,paper_style_feedback_dynamics,Qwen/Qwen2.5-0.5B,0.1220359206199646,direct,fixed_random,-15.802412033081055,-15.637709617614746,1.0,1,128,4600.37255859375,104.77029418945312,20,final_hidden,2026-07-10T15:12:24.317889+00:00,nonpad_flattened,Qwen/Qwen2.5-0.5B,0.18310546875,1
114688,128,1,64,main,wikitext,wikitext-2-raw-v1,validation,cuda,float32,128,qwen_dynamical_edge_normal_long,0be219064d7f2de285c4637dbbf99d87feb1bdfb,"[1, 128, 896]",inputs_embeds,paper_style_feedback_dynamics,Qwen/Qwen2.5-0.5B,0.004845906514674425,direct,fixed_random,-16.33734893798828,-16.078645706176758,1.0,1,128,4601.23876953125,101.35101318359375,76,final_hidden,2026-07-10T15:12:24.317889+00:00,nonpad_flattened,Qwen/Qwen2.5-0.5B,1.04931640625,2
114688,128,1,64,main,wikitext,wikitext-2-raw-v1,validation,cuda,float32,128,qwen_dynamical_edge_normal_long,0be219064d7f2de285c4637dbbf99d87feb1bdfb,"[1, 128, 896]",inputs_embeds,paper_style_feedback_dynamics,Qwen/Qwen2.5-0.5B,0.004668818786740303,direct,fixed_random,-16.400419235229492,-16.16252326965332,1.0,1,128,4601.2890625,92.82395935058594,78,final_hidden,2026-07-10T15:12:24.317889+00:00,nonpad_flattened,Qwen/Qwen2.5-0.5B,1.099609375,3
114688,128,1,64,main,wikitext,wikitext-2-raw-v1,validation,cuda,float32,128,qwen_dynamical_edge_normal_long,0be219064d7f2de285c4637dbbf99d87feb1bdfb,"[1, 128, 896]",inputs_embeds,paper_style_feedback_dynamics,Qwen/Qwen2.5-0.5B,0.004719148855656385,direct,fixed_random,-16.46489143371582,-16.207836151123047,1.0,1,128,4602.21484375,100.38423919677734,80,final_hidden,2026-07-10T15:12:24.317889+00:00,nonpad_flattened,Qwen/Qwen2.5-0.5B,2.025390625,4
114688,128,1,64,main,wikitext,wikitext-2-raw-v1,validation,cuda,float32,128,qwen_dynamical_edge_normal_long,0be219064d7f2de285c4637dbbf99d87feb1bdfb,"[1, 128, 896]",inputs_embeds,paper_style_feedback_dynamics,Qwen/Qwen2.5-0.5B,0.004673842340707779,direct,fixed_random,-16.516050338745117,-16.280597686767578,1.0,1,128,4602.14501953125,91.94014739990234,82,final_hidden,2026-07-10T15:12:24.317889+00:00,nonpad_flattened,Qwen/Qwen2.5-0.5B,1.95556640625,5
114688,128,1,64,main,wikitext,wikitext-2-raw-v1,validation,cuda,float32,128,qwen_dynamical_edge_normal_long,0be219064d7f2de285c4637dbbf99d87feb1bdfb,"[1, 128, 896]",inputs_embeds,paper_style_feedback_dynamics,Qwen/Qwen2.5-0.5B,0.004823620431125164,direct,fixed_random,-16.568130493164062,-16.313764572143555,1.0,1,128,4602.9482421875,99.55561065673828,84,final_hidden,2026-07-10T15:12:24.317889+00:00,nonpad_flattened,Qwen/Qwen2.5-0.5B,2.7587890625,6
114688,128,1,64,main,wikitext,wikitext-2-raw-v1,validation,cuda,float32,128,qwen_dynamical_edge_normal_long,0be219064d7f2de285c4637dbbf99d87feb1bdfb,"[1, 128, 896]",inputs_embeds,paper_style_feedback_dynamics,Qwen/Qwen2.5-0.5B,0.004586397670209408,direct,fixed_random,-16.60710334777832,-16.374664306640625,1.0,1,128,4602.7734375,91.23480987548828,86,final_hidden,2026-07-10T15:12:24.317889+00:00,nonpad_flattened,Qwen/Qwen2.5-0.5B,2.583984375,7
114688,128,1,64,main,wikitext,wikitext-2-raw-v1,validation,cuda,float32,128,qwen_dynamical_edge_normal_long,0be219064d7f2de285c4637dbbf99d87feb1bdfb,"[1, 128, 896]",inputs_embeds,paper_style_feedback_dynamics,Qwen/Qwen2.5-0.5B,0.00458681071177125,direct,fixed_random,-16.64736557006836,-16.39588165283203,1.0,1,128,4603.4755859375,98.90605926513672,88,final_hidden,2026-07-10T15:12:24.317889+00:00,nonpad_flattened,Qwen/Qwen2.5-0.5B,3.2861328125,8
114688,128,1,64,main,wikitext,wikitext-2-raw-v1,validation,cuda,float32,128,qwen_dynamical_edge_normal_long,0be219064d7f2de285c4637dbbf99d87feb1bdfb,"[1, 128, 896]",inputs_embeds,paper_style_feedback_dynamics,Qwen/Qwen2.5-0.5B,0.004246753640472889,direct,fixed_random,-16.675369262695312,-16.445871353149414,1.0,1,128,4603.216796875,90.71143341064453,90,final_hidden,2026-07-10T15:12:24.317889+00:00,nonpad_flattened,Qwen/Qwen2.5-0.5B,3.02734375,9
4480,128,2,64,main,wikitext,wikitext-2-raw-v1,validation,cuda,float32,128,qwen_dynamical_edge_normal_long,0be219064d7f2de285c4637dbbf99d87feb1bdfb,"[1, 128, 896]",inputs_embeds,paper_style_feedback_dynamics,Qwen/Qwen2.5-0.5B,0.0001309396611759439,direct,fixed_random,-11.040349006652832,-11.035910606384277,1.0,2,128,965.4326171875,0.3375575542449951,38,final_hidden,2026-07-10T15:12:24.317889+00:00,nonpad_flattened,Qwen/Qwen2.5-0.5B,0.0015869140625,0
114688,128,3,64,main,wikitext,wikitext-2-raw-v1,validation,cuda,float32,128,qwen_dynamical_edge_normal_long,0be219064d7f2de285c4637dbbf99d87feb1bdfb,"[1, 128, 896]",inputs_embeds,paper_style_feedback_dynamics,Qwen/Qwen2.5-0.5B,0.003013916779309511,direct,fixed_random,-4.358832359313965,-4.434999465942383,1.0,3,128,4750.16357421875,66.42987823486328,76,final_hidden,2026-07-10T15:12:24.317889+00:00,nonpad_flattened,Qwen/Qwen2.5-0.5B,1.229248046875,0
