checkpoint,window_start,window_end,window_transitions,window_states,full_dimensional_radius_rms,full_dimensional_radius_p95,full_dimensional_radius_max,projection_2d_radius_rms,projection_2d_radius_p95,projection_2d_radius_max
step5000,0,512,512,513,12.796375584885874,22.030809504477105,47.310237012488614,0.9891118199484848,1.3663247391042068,7.60829421567888
step5000,512,640,128,129,9.864587910874812,14.564547579810633,16.282476432459045,0.6011668343197738,1.004394787669331,1.2731038855954644
step5000,640,768,128,129,8.619369175366792,15.832554555392512,19.28169552384741,0.6329959068900243,1.323970482717382,1.6819413320562846
step5000,768,896,128,129,8.26142856611208,12.998809221694795,17.339612503791873,0.49746887739595946,0.982855378851808,1.5009595718970021
step5000,896,1024,128,129,9.201620807010396,14.240432046732455,16.44194570864778,0.639384028365105,1.0981312778775987,1.3747212707539647
step5000,1024,1152,128,129,9.100368008527955,15.085472128016098,17.30175593383813,0.5577182307678329,1.1348078973461382,1.3221404765888642
step5000,1152,1280,128,129,10.077689345570757,14.365896345592144,15.72516868949406,0.6520386357740284,1.0361741530371664,1.1696392661277117
step5000,1280,1408,128,129,9.376780074177946,13.468601857199534,15.567158887579867,0.5922862526816984,1.066911198710929,1.1794530287740175
step5000,1408,1536,128,129,8.70198156700132,14.462497666064044,17.901345303045133,0.5382482079621057,1.0680918427427184,1.495669228334473
step5000,1536,1664,128,129,10.426801063678782,13.53347535950826,15.410952976456636,0.6118088487534112,0.9919116204589705,1.1944601833688804
step5000,1664,1792,128,129,7.943498660512197,14.318828126156571,16.871037079954515,0.5091280003109021,1.2220380374738045,1.430568915810437
step5000,1792,1920,128,129,10.601241831755702,13.90732773339424,15.499483727505508,0.5907897065572179,0.9931010602649835,1.1218633185428102
step5000,1920,2048,128,129,7.035585146755676,11.439870489524402,18.696687838554926,0.45049906841161086,1.1395790815925988,1.6672528973254672
step9000,0,512,512,513,10.08819215080586,26.490444242081495,49.300494805227395,0.5676829640947687,1.326888009324848,4.815531699098891
step9000,512,640,128,129,0.33620994275557897,0.5037756605081884,0.6003975685405297,0.0135049920346971,0.020530253521618247,0.025620136468325
step9000,640,768,128,129,0.16366150972641755,0.24441786435373264,0.2896699571230459,0.006567591645863879,0.01001086271820949,0.012221482772324191
step9000,768,896,128,129,0.07969025869962786,0.11921085860092966,0.13975932670248778,0.0031977820171905187,0.004865432345075638,0.005886672896694843
step9000,896,1024,128,129,0.03879682743250559,0.05798904160634716,0.06739100630979451,0.0015581392200523932,0.002386052637567704,0.002848046745038544
step9000,1024,1152,128,129,0.018897604844631228,0.02829973298708171,0.03260876216832376,0.000759730751713138,0.0011585201042386595,0.0013924540047276282
step9000,1152,1280,128,129,0.009200599967846768,0.013777620379541604,0.015776805561967137,0.0003702955779452841,0.0005656998636035535,0.0007051498574414587
step9000,1280,1408,128,129,0.004487149606538835,0.006726190457945824,0.007634994751707313,0.00018065552819011895,0.0002751670338224967,0.0003431230684743629
step9000,1408,1536,128,129,0.0021980295832859384,0.0032890546662073476,0.003779052113205924,8.840342375409422e-05,0.00013445927959051865,0.00016703358087784729
step9000,1536,1664,128,129,0.0010695868376155103,0.001607043904810822,0.0019108072024924727,4.306702451129227e-05,6.724165904314334e-05,8.226663175729664e-05
step9000,1664,1792,128,129,0.0005090387369021859,0.0007705026904663226,0.0009182712894280612,2.041037776979176e-05,3.141965492733962e-05,4.093234920152577e-05
step9000,1792,1920,128,129,0.00022919526059165746,0.0003713608235310188,0.0004457429390762744,9.60808845717777e-06,1.547042267101556e-05,1.9031604491912602e-05
step9000,1920,2048,128,129,0.0001035485209872887,0.0001620720972616081,0.0001969229838826092,4.824762641253412e-06,7.319887265198203e-06,9.978790861634716e-06
step13000,0,512,512,513,8.432433916134508,22.530085005124953,52.49214268014668,0.4044305555117433,0.9461986878398668,3.321418334782522
step13000,512,640,128,129,1.2606385130258962e-05,1.5379419975891886e-05,1.7156262658863646e-05,1.010308855914616e-06,1.6856584168674688e-06,2.4807524588252385e-06
step13000,640,768,128,129,1.2631837970278412e-05,1.515272648971966e-05,1.7656884771270695e-05,1.0943127673606928e-06,1.7323997190183216e-06,2.8399834055718867e-06
step13000,768,896,128,129,1.2994880417507778e-05,1.532244249968627e-05,1.738166735009947e-05,1.0515842687528496e-06,1.7693974954968162e-06,2.6217485479408718e-06
step13000,896,1024,128,129,1.2498839170461069e-05,1.4569244552413395e-05,1.6504747075681015e-05,1.0174392083466393e-06,1.77165867656701e-06,2.3513518058513236e-06
step13000,1024,1152,128,129,1.2176832593522953e-05,1.4594399818047901e-05,1.6297087303804238e-05,9.641543728859714e-07,1.6593981553152025e-06,2.7411114600327967e-06
step13000,1152,1280,128,129,1.2463227874231744e-05,1.5080139311522213e-05,1.681637763123456e-05,1.0522394100411697e-06,1.8974810553475582e-06,2.6742807351512857e-06
step13000,1280,1408,128,129,1.2749724684580685e-05,1.534920151093676e-05,1.884719550741995e-05,1.0684157647897464e-06,1.862946328850127e-06,2.727419028219456e-06
step13000,1408,1536,128,129,1.284221620601737e-05,1.5303105195208568e-05,1.70166710188382e-05,1.0261088423822898e-06,1.815268551706648e-06,2.557556447636258e-06
step13000,1536,1664,128,129,1.2184395914227157e-05,1.4468126251305506e-05,1.603882340578694e-05,9.77249730014443e-07,1.6883346188937561e-06,2.8056574755766635e-06
step13000,1664,1792,128,129,1.2972602166700318e-05,1.5225159464501985e-05,1.7955820552084057e-05,1.0202056532038269e-06,1.8331055825057517e-06,2.7883548383951647e-06
step13000,1792,1920,128,129,1.2709441305194976e-05,1.5367691344286137e-05,1.8533706631970894e-05,1.0688019484302547e-06,1.7630910755128992e-06,2.7366429017117214e-06
step13000,1920,2048,128,129,1.3321728178360946e-05,1.6011610742433087e-05,1.779056828845483e-05,1.0461682649344937e-06,1.844243803352869e-06,2.94384331425468e-06
step16000,0,512,512,513,11.495182065442778,30.109226138307324,57.363463761469546,0.6038675839050529,1.5389197538083916,4.188959741338417
step16000,512,640,128,129,0.014867177096181973,0.03235337125089491,0.048937689523272404,0.0005823558317921332,0.0012201505776018346,0.0023208198321086108
step16000,640,768,128,129,0.003113676622480228,0.006930872556528566,0.0088685659751239,0.00012525907020147277,0.0002726640050119242,0.0004806509490598761
step16000,768,896,128,129,0.0007285234860709279,0.0015230718462625199,0.002409414270857948,3.0822594302838594e-05,6.708163378991084e-05,0.0001143371232275921
step16000,896,1024,128,129,0.00016794467915285998,0.000336632210525142,0.0004940949889346757,6.7964557617055175e-06,1.4470634741341196e-05,2.5145172031869792e-05
step16000,1024,1152,128,129,5.621419927024895e-05,9.611896772125257e-05,0.0001349823455907611,2.3482127570293025e-06,4.292027949230751e-06,7.1128336846291495e-06
step16000,1152,1280,128,129,4.6625774967325076e-05,6.829378491651105e-05,7.587608945000685e-05,1.9765318914663092e-06,3.3226864881351315e-06,4.054684979419095e-06
step16000,1280,1408,128,129,3.70020739620983e-05,5.051269195283415e-05,5.834307788445819e-05,1.749664914645523e-06,2.972272553195635e-06,4.3593426316951744e-06
step16000,1408,1536,128,129,3.324116562134064e-05,4.759877712981236e-05,5.217064256873765e-05,1.5730792694426034e-06,2.909113737773038e-06,4.547697764055668e-06
step16000,1536,1664,128,129,4.2987298600214704e-05,5.6823265652923095e-05,6.379068988586958e-05,1.8880761942814318e-06,2.966960095149571e-06,3.863545135758591e-06
step16000,1664,1792,128,129,4.1122010140014564e-05,5.471228431890702e-05,6.010722571436723e-05,1.6784539863073246e-06,2.792309528193697e-06,4.235499960774916e-06
step16000,1792,1920,128,129,4.00168234945373e-05,5.768118091203425e-05,6.296594644913943e-05,1.6725441967399475e-06,2.887938414776713e-06,4.220330859619817e-06
step16000,1920,2048,128,129,3.965997579193593e-05,4.975202774926527e-05,6.463741107344561e-05,1.7324402897846389e-06,2.833819668111269e-06,4.020090494963859e-06
step21000,0,512,512,513,36.71631331354845,43.94818622736693,48.88507039127412,2.068092093140166,3.364923910077827,5.330221491125927
step21000,512,640,128,129,36.31638444603287,43.083794490289684,45.40041593251527,1.8965490473089461,3.273141004205605,4.235174291932632
step21000,640,768,128,129,36.477913604783474,43.91486900061568,46.78972998701914,2.1169527153014016,3.5620463376107976,5.260768983539371
step21000,768,896,128,129,35.97382309585556,43.69782111258504,48.36828319114846,1.889872869598419,3.1182732811608993,4.167827434032636
step21000,896,1024,128,129,36.05515175127994,44.142785420798376,49.209378660820946,2.1988936218235278,3.7808094727832664,4.93481186964421
step21000,1024,1152,128,129,37.36913387946722,42.9953690050261,47.474467941811994,2.1913904692437356,3.4608300479611445,4.234423108955297
step21000,1152,1280,128,129,36.82103425352849,43.050380955451146,45.149426690403,2.1492511313998186,3.30793940840479,3.6091379742022163
step21000,1280,1408,128,129,36.1468450533902,44.76136105404615,47.61603582254216,1.9639297054257279,3.0959678222429137,3.781894576655352
step21000,1408,1536,128,129,35.98896689291004,42.83081135900592,45.635582300772164,1.9728435672774267,3.1027989162925134,3.893976559540018
step21000,1536,1664,128,129,36.209632995405094,44.761651376518536,48.830527194521665,2.211239660878306,3.575970347192855,4.88149445146096
step21000,1664,1792,128,129,36.2151553061666,43.57540003835832,48.09615092114262,1.944740601527001,2.865368847158374,3.135448395512921
step21000,1792,1920,128,129,37.26881830611361,44.1706363089944,45.738265361851866,2.0114522132786123,3.2648087072472576,4.211240727929404
step21000,1920,2048,128,129,36.79200792102624,46.38851772502663,48.45988556945965,2.0212131654327274,3.4280744269438426,4.2117115045342866
step29000,0,512,512,513,17.309126426037604,30.291615330274087,64.95345458514193,0.8442309311503532,1.263071676835343,2.8751638650674973
step29000,512,640,128,129,14.601757215799106,16.50224379072656,16.577234069519466,0.7949223895226412,1.2100235717644319,1.2305638674503114
step29000,640,768,128,129,14.583055864401548,16.50964380575152,16.58349673479707,0.8007839714349619,1.1898360571636752,1.2086999159825125
step29000,768,896,128,129,14.586248061437901,16.220785881973292,16.290580225695333,0.7953393260211322,1.1678252891961627,1.1861895419467796
step29000,896,1024,128,129,14.615612337736234,15.986396056883407,16.031760737981624,0.7940718810068185,1.1611638642814726,1.18213923205097
step29000,1024,1152,128,129,14.651202288816314,15.892510307668505,15.946106855363647,0.7986869772882367,1.1817264038664215,1.2015601054606577
step29000,1152,1280,128,129,14.658045056746678,16.107016740857066,16.167471628770787,0.7929819207095041,1.2037488810861972,1.22805947490962
step29000,1280,1408,128,129,14.617573826682492,16.41919258987306,16.488810010642133,0.7922259496391008,1.213159105787407,1.2346431704262995
step29000,1408,1536,128,129,14.586691977811077,16.53875439389601,16.625120614010715,0.7995082237498738,1.1957492750398468,1.2181559439293261
step29000,1536,1664,128,129,14.58241097732746,16.350862559094878,16.41920418071496,0.7983526227950606,1.1730846691246173,1.1930386493091631
step29000,1664,1792,128,129,14.60340252103302,16.065542691760122,16.079893274526103,0.7930316548023649,1.160397475671762,1.1808822541660298
step29000,1792,1920,128,129,14.638022237103325,15.874476554131839,15.92521984535002,0.7977486378467217,1.1728217751827696,1.1921381196305034
step29000,1920,2048,128,129,14.66214424277828,16.00403474067732,16.06241500020143,0.7958427013335602,1.19633292013888,1.219244424625914
step37000,0,512,512,513,23.461906640342352,47.36438745523148,68.53595055428687,1.2593475767361777,2.999461476513455,5.866077151608259
step37000,512,640,128,129,16.256806085865975,25.95764355101793,38.346615294555676,0.7534937005637572,1.4150551823921602,2.2900699150424835
step37000,640,768,128,129,16.335859728322912,28.032323911897333,39.25646168248029,0.7678758622634096,1.552154997886636,2.407826325709686
step37000,768,896,128,129,17.153132231837873,29.06137206745636,38.051368790401774,0.854605235622194,1.6546379141776504,2.434524238345465
step37000,896,1024,128,129,18.540700537337134,26.743430995092673,32.013239990126756,0.9480450886921878,1.7359673992932836,2.00667978854676
step37000,1024,1152,128,129,16.60221334854702,26.135864600185833,39.293968257563435,0.7627748579186253,1.41536952875798,2.3015297283227567
step37000,1152,1280,128,129,15.07920645295829,29.512353499799673,37.11237329867068,0.6993930544652871,1.5901220368162572,2.2035379341098777
step37000,1280,1408,128,129,16.597209417247104,26.41658326351606,33.003941398084315,0.8193052486808129,1.4762474524012323,1.9544746712597292
step37000,1408,1536,128,129,19.270881654180787,30.878385809647376,36.83461314786812,0.9397752702240747,1.8327976779835793,2.4152676371573905
step37000,1536,1664,128,129,13.610575315412099,27.61744180956359,30.356136131895045,0.6209872943813433,1.2522360949513365,1.599082927625951
step37000,1664,1792,128,129,16.953858820153048,25.629351426131315,30.314130375837653,0.8136719607270968,1.5525415619736465,2.0942587877103134
step37000,1792,1920,128,129,16.901202817030207,26.01844889547259,33.06594950710917,0.8376013673743101,1.5934015101854722,2.1349334935750854
step37000,1920,2048,128,129,18.20915425958856,29.334556971092482,40.104806694046616,0.8428102274082184,1.529345333406702,2.6177346884418364
step45000,0,512,512,513,43.42319696844452,52.977016182267086,74.5262274281217,2.7577307074931054,3.751867291668569,6.558026669804798
step45000,512,640,128,129,42.89094510057365,52.4550326144457,54.19372697548249,2.699920436756007,3.719040310801435,3.8049344234569906
step45000,640,768,128,129,42.875842831597886,52.58709989594058,54.22310624449322,2.700271867056493,3.7300597248312948,3.8027399217734383
step45000,768,896,128,129,42.8602678668738,52.70444167653336,54.293078201073655,2.7014425004606233,3.738697807744379,3.804654071539025
step45000,896,1024,128,129,42.84503520519109,52.81352722808523,54.338972048660786,2.70406587879912,3.7439519184580066,3.805021527787082
step45000,1024,1152,128,129,42.82914227222245,52.902831431758585,54.380546723861535,2.708030462099826,3.7463347848413857,3.805625136380945
step45000,1152,1280,128,129,42.814121423431075,52.91320881541532,54.414359141947756,2.711869895173054,3.74796680257912,3.8063018267744186
step45000,1280,1408,128,129,42.80237299067536,52.95053093785684,54.44279978837272,2.714133035249597,3.7477042891049437,3.8066835598216797
step45000,1408,1536,128,129,42.79474561621429,52.94161245624479,54.46688534567165,2.7149448745418274,3.749475937624857,3.8063166990390482
step45000,1536,1664,128,129,42.791763948414754,52.92809094530095,54.48534064364752,2.7156440939462074,3.754849874373285,3.805003170959415
step45000,1664,1792,128,129,42.7926680489066,52.90993064597228,54.501391603433916,2.7174301481019274,3.759689230947626,3.803037817949486
step45000,1792,1920,128,129,42.79480289154976,52.88583080037634,54.50912783012437,2.720033335300395,3.757368982437966,3.801829569803347
step45000,1920,2048,128,129,42.79549810144224,52.85442430867662,54.50501997613538,2.7218139928226495,3.756883388401204,3.801045158327456
step53000,0,512,512,513,37.279216780321725,51.69912283115963,86.75237533725785,2.019542899181394,3.587328962191523,6.580771875407876
step53000,512,640,128,129,37.755976227358396,48.401131167008955,49.59972157811316,2.1038601295761383,3.6027250369930996,3.8765255147003392
step53000,640,768,128,129,37.825962024795295,49.82414947807967,50.488913603486765,2.0171838919265417,3.5770664716967575,3.8583405051922157
step53000,768,896,128,129,35.47907071229189,53.95887348898644,56.09004964717417,1.999541798919329,3.813043681966609,4.280533540684648
step53000,896,1024,128,129,37.38681385901962,50.20078179998082,51.57912875385513,2.046891966679187,3.638383016340579,4.048243296155445
step53000,1024,1152,128,129,37.82276151120647,47.95959664541516,48.91659045275489,2.0413461944626516,3.468192609756689,3.815322422750928
step53000,1152,1280,128,129,36.48803127919108,53.641700066970316,54.295872934761455,2.0484965058400078,3.72541354672519,4.116340651847427
step53000,1280,1408,128,129,36.26214411678039,51.56786079007295,54.28080607091393,1.9421792138305998,3.6256592550333133,4.246690160311827
step53000,1408,1536,128,129,37.779647815801084,48.08423583706529,49.23000244324363,2.099156848668578,3.606797834540508,3.8546513760329693
step53000,1536,1664,128,129,37.664911364780885,50.81405073885337,51.36352980396778,2.028935844255231,3.6124622844094603,3.8898719516324647
step53000,1664,1792,128,129,35.45173823965965,53.47206567202113,56.105664450123626,1.9462486977300255,3.6018553075875497,4.318510650002775
step53000,1792,1920,128,129,37.61917428453936,49.370888846127706,50.704605689839624,2.0907663175449853,3.6659748491537485,3.969662261164593
step53000,1920,2048,128,129,37.86354434560689,48.24074090661196,49.18925540553461,2.0217045725745364,3.467132771374982,3.812823544739371
step61000,0,512,512,513,9.799000471976372,4.980824211884646,92.07897818563788,0.5265190091765805,0.213945771390545,5.6647042271808425
step61000,512,640,128,129,1.3417487902985812e-05,1.5851677642005776e-05,1.9047464641393875e-05,1.006578995564082e-06,1.7473656467861005e-06,2.3604372523420814e-06
step61000,640,768,128,129,1.3442350495504584e-05,1.5794916535742665e-05,1.7234786861580818e-05,9.581689979594874e-07,1.5891586024472503e-06,2.2212681048681644e-06
step61000,768,896,128,129,1.3504551947083783e-05,1.5991772945530067e-05,1.884864803004947e-05,1.0018657195935958e-06,1.730805908946531e-06,2.752472481493425e-06
step61000,896,1024,128,129,1.3354808907229595e-05,1.5775480257221355e-05,1.9529645651725913e-05,9.993401823553856e-07,1.7080747660625637e-06,3.0275282613700684e-06
step61000,1024,1152,128,129,1.3580109950760423e-05,1.5886612567043595e-05,1.788075332676612e-05,1.063390457339483e-06,1.9199417523056958e-06,2.765057505087201e-06
step61000,1152,1280,128,129,1.3413578298175684e-05,1.5699248326300454e-05,1.7163421526250162e-05,1.0508890795117746e-06,1.8062491543823678e-06,2.179906298115428e-06
step61000,1280,1408,128,129,1.341348768117777e-05,1.6026165424690702e-05,1.810128847306931e-05,9.830323331459934e-07,1.7166117421265317e-06,2.684150406744618e-06
step61000,1408,1536,128,129,1.3478229206070006e-05,1.5971965277028498e-05,1.901314809976979e-05,1.0512455404228327e-06,1.8030017654853373e-06,2.457268385061266e-06
step61000,1536,1664,128,129,1.337024481157368e-05,1.5688909641825483e-05,1.912941578916917e-05,9.958797124845259e-07,1.7095614532863153e-06,2.618601112296651e-06
step61000,1664,1792,128,129,1.3467550564442215e-05,1.6015151212498172e-05,1.8417634910444762e-05,1.042201908500998e-06,1.834811281450911e-06,2.6106811932393907e-06
step61000,1792,1920,128,129,1.383420383240041e-05,1.6755539575869646e-05,2.0570109881494414e-05,1.01832636624795e-06,1.719930759695043e-06,2.4019363463332877e-06
step61000,1920,2048,128,129,1.366759258951465e-05,1.616972549321749e-05,1.8617270687436145e-05,1.034066995128023e-06,1.7174942477706861e-06,2.5933377280275754e-06
step69000,0,512,512,513,8.338505556325345,2.9791587299756954,102.66714049469647,0.3576815625920742,0.11157463719724602,5.026143114199179
step69000,512,640,128,129,1.0163176024986583e-05,1.3365057311899604e-05,1.8403835818876275e-05,7.566243727822072e-07,1.3116961283207062e-06,1.869747327800746e-06
step69000,640,768,128,129,1.0212831795733601e-05,1.2481477908150695e-05,1.797652890814275e-05,7.573333197164417e-07,1.3215977093300843e-06,2.2091266193830184e-06
step69000,768,896,128,129,1.0386273046785206e-05,1.3347280441948309e-05,1.8305177756395214e-05,7.997801577150495e-07,1.3494722850968429e-06,2.0925551316664964e-06
step69000,896,1024,128,129,1.0140448501829227e-05,1.3116446401274318e-05,1.9673652154992365e-05,7.794823693333739e-07,1.3341090150921367e-06,1.7927857145179529e-06
step69000,1024,1152,128,129,1.0294776186342574e-05,1.3674144686308278e-05,1.93248675340899e-05,7.807922039789468e-07,1.3549782700050971e-06,2.3149049252014084e-06
step69000,1152,1280,128,129,1.0115238419146224e-05,1.3106268092519721e-05,1.889319201968602e-05,7.482478043561102e-07,1.325344929366545e-06,1.947233299489335e-06
step69000,1280,1408,128,129,9.710476550609907e-06,1.130813249714717e-05,1.428602309776253e-05,7.606245728009988e-07,1.3155345403405285e-06,1.9496814393166568e-06
step69000,1408,1536,128,129,1.0272055437945212e-05,1.343539326832156e-05,1.8379104890489992e-05,7.470309417055373e-07,1.2975817425872155e-06,2.1100564566802995e-06
step69000,1536,1664,128,129,9.96718721434078e-06,1.2644869178098737e-05,1.8019489529639753e-05,7.609579818609875e-07,1.282117894230228e-06,2.4265621329420663e-06
step69000,1664,1792,128,129,1.0144940237260952e-05,1.2704932775310995e-05,1.8547746213928445e-05,7.909385613263628e-07,1.3302996473261846e-06,1.8032033170296604e-06
step69000,1792,1920,128,129,1.1276012287671006e-05,1.4903090450253064e-05,2.9591987881702638e-05,8.17062585448812e-07,1.3640848991037376e-06,2.3210127882717202e-06
step69000,1920,2048,128,129,1.0122565088337772e-05,1.2611168270718902e-05,1.920384131011695e-05,7.528901089042521e-07,1.307260846251802e-06,2.047770967838409e-06
step77000,0,512,512,513,11.377131613875092,1.099040928291111,168.95800900177525,0.5494520769435101,0.05633653984639811,8.092281503186603
step77000,512,640,128,129,7.648560200515855e-06,9.224920741301035e-06,1.2397244718678536e-05,7.315408551247302e-07,1.2839543111301488e-06,2.177706166321942e-06
step77000,640,768,128,129,7.596678241684861e-06,9.33569774065911e-06,1.0820725095890834e-05,6.637799731615623e-07,1.178360808335676e-06,1.7861132873213198e-06
step77000,768,896,128,129,7.577137931937351e-06,9.334096611618991e-06,1.1218399415378936e-05,6.715100777873133e-07,1.2597397962577315e-06,1.7419697077346653e-06
step77000,896,1024,128,129,7.456887576942324e-06,9.061570538068895e-06,1.0454551013322354e-05,6.498442803739856e-07,1.1798552371520514e-06,1.7163329839262533e-06
step77000,1024,1152,128,129,7.56818958207446e-06,8.99898173890136e-06,9.900676789984696e-06,6.836420498171749e-07,1.2386096815463263e-06,1.688286240250618e-06
step77000,1152,1280,128,129,7.66120096478376e-06,9.303545144180271e-06,1.2534243816597517e-05,6.802332289392996e-07,1.2542101429306736e-06,2.116866745352101e-06
step77000,1280,1408,128,129,7.60520108691928e-06,9.162437246098454e-06,1.0258583139644104e-05,6.743788204408228e-07,1.258449024137211e-06,2.252121545079223e-06
step77000,1408,1536,128,129,7.559629141287049e-06,9.276451241138706e-06,1.0323678422423803e-05,6.607395155342067e-07,1.1956486185168208e-06,1.6707795535128725e-06
step77000,1536,1664,128,129,7.46812778453957e-06,9.0873143249694e-06,9.899798725781488e-06,6.989267471258622e-07,1.2502511979884813e-06,1.7987637129881913e-06
step77000,1664,1792,128,129,7.625273257939979e-06,9.211054488716838e-06,1.0483401066082468e-05,6.765594952949932e-07,1.1890415625163633e-06,1.6215902014969576e-06
step77000,1792,1920,128,129,7.766048615714568e-06,9.331611576589707e-06,1.0964155758109232e-05,6.939927831596857e-07,1.2325774674603812e-06,2.1166938264128865e-06
step77000,1920,2048,128,129,7.649768029871908e-06,9.47481601335938e-06,1.1539076363414259e-05,7.032951718671829e-07,1.2272065919934665e-06,1.7996100555756828e-06
