active_dim,actual_eval_states,batch_index,burn_in_steps,checkpoint,dataset,dataset_config,dataset_split,device,dtype,eval_steps,experiment,git_commit,input_shape,input_space,method,model,nearby_distance,operator_update,projection_mode,projection_next,projection_value,residual_alpha,sample_index,sequence_length,state_norm,step_delta,step_index,target,timestamp,token_mode,tokenizer,pca_summary_value,pca_summary_next
65536,64,1,16,main,wikitext,wikitext-2-raw-v1,validation,cuda,float32,64,pythia_dynamical_edge_norm_matched_probe,9801caeb1bc8252573781682c3403ed9a63b90dd,"[1, 128, 512]",inputs_embeds,paper_style_feedback_dynamics,EleutherAI/pythia-70m,1.273025759473967e-06,norm_matched,fixed_random,0.05203413963317871,0.052034132182598114,1.0,1,128,7.4624552726745605,1.372798237753159e-06,0,final_hidden,2026-07-10T15:33:26.943373+00:00,nonpad_flattened,EleutherAI/pythia-70m,-2.3223263161879221e-07,-2.506026694798238e-07
65536,64,1,16,main,wikitext,wikitext-2-raw-v1,validation,cuda,float32,64,pythia_dynamical_edge_norm_matched_probe,9801caeb1bc8252573781682c3403ed9a63b90dd,"[1, 128, 512]",inputs_embeds,paper_style_feedback_dynamics,EleutherAI/pythia-70m,1.2499474451033166e-06,norm_matched,fixed_random,0.05203413963317871,0.05203413963317871,1.0,1,128,7.4624552726745605,1.247345039701031e-06,1,final_hidden,2026-07-10T15:33:26.943373+00:00,nonpad_flattened,EleutherAI/pythia-70m,-2.506026694798238e-07,-1.905709833207773e-07
65536,64,1,16,main,wikitext,wikitext-2-raw-v1,validation,cuda,float32,64,pythia_dynamical_edge_norm_matched_probe,9801caeb1bc8252573781682c3403ed9a63b90dd,"[1, 128, 512]",inputs_embeds,paper_style_feedback_dynamics,EleutherAI/pythia-70m,1.409384708495054e-06,norm_matched,fixed_random,0.052034132182598114,0.05203413963317871,1.0,1,128,7.4624552726745605,1.28963415590988e-06,2,final_hidden,2026-07-10T15:33:26.943373+00:00,nonpad_flattened,EleutherAI/pythia-70m,-1.905709833207773e-07,-2.4686275695149606e-07
65536,64,1,16,main,wikitext,wikitext-2-raw-v1,validation,cuda,float32,64,pythia_dynamical_edge_norm_matched_probe,9801caeb1bc8252573781682c3403ed9a63b90dd,"[1, 128, 512]",inputs_embeds,paper_style_feedback_dynamics,EleutherAI/pythia-70m,1.2553316537378123e-06,norm_matched,fixed_random,0.05203413963317871,0.052034132182598114,1.0,1,128,7.4624552726745605,1.269884819521394e-06,3,final_hidden,2026-07-10T15:33:26.943373+00:00,nonpad_flattened,EleutherAI/pythia-70m,-2.4686275695149606e-07,2.507136221593366e-07
65536,64,1,16,main,wikitext,wikitext-2-raw-v1,validation,cuda,float32,64,pythia_dynamical_edge_norm_matched_probe,9801caeb1bc8252573781682c3403ed9a63b90dd,"[1, 128, 512]",inputs_embeds,paper_style_feedback_dynamics,EleutherAI/pythia-70m,1.381032802783011e-06,norm_matched,fixed_random,0.05203414708375931,0.05203413963317871,1.0,1,128,7.462455749511719,1.3790437378702336e-06,4,final_hidden,2026-07-10T15:33:26.943373+00:00,nonpad_flattened,EleutherAI/pythia-70m,2.507136221593366e-07,-2.3202711783299871e-07
65536,64,1,16,main,wikitext,wikitext-2-raw-v1,validation,cuda,float32,64,pythia_dynamical_edge_norm_matched_probe,9801caeb1bc8252573781682c3403ed9a63b90dd,"[1, 128, 512]",inputs_embeds,paper_style_feedback_dynamics,EleutherAI/pythia-70m,1.2723921827273443e-06,norm_matched,fixed_random,0.052034132182598114,0.05203414708375931,1.0,1,128,7.4624552726745605,1.3781042298433022e-06,5,final_hidden,2026-07-10T15:33:26.943373+00:00,nonpad_flattened,EleutherAI/pythia-70m,-2.3202711783299871e-07,-2.64796249440185e-07
65536,64,1,16,main,wikitext,wikitext-2-raw-v1,validation,cuda,float32,64,pythia_dynamical_edge_norm_matched_probe,9801caeb1bc8252573781682c3403ed9a63b90dd,"[1, 128, 512]",inputs_embeds,paper_style_feedback_dynamics,EleutherAI/pythia-70m,1.2088198673154693e-06,norm_matched,fixed_random,0.05203413963317871,0.052034132182598114,1.0,1,128,7.4624552726745605,1.252361244041822e-06,6,final_hidden,2026-07-10T15:33:26.943373+00:00,nonpad_flattened,EleutherAI/pythia-70m,-2.64796249440185e-07,-2.028413492445449e-07
65536,64,1,16,main,wikitext,wikitext-2-raw-v1,validation,cuda,float32,64,pythia_dynamical_edge_norm_matched_probe,9801caeb1bc8252573781682c3403ed9a63b90dd,"[1, 128, 512]",inputs_embeds,paper_style_feedback_dynamics,EleutherAI/pythia-70m,1.3860282024324988e-06,norm_matched,fixed_random,0.05203413590788841,0.05203413963317871,1.0,1,128,7.4624552726745605,1.2405889719957486e-06,7,final_hidden,2026-07-10T15:33:26.943373+00:00,nonpad_flattened,EleutherAI/pythia-70m,-2.028413492445449e-07,-2.4076888592934653e-07
65536,64,1,16,main,wikitext,wikitext-2-raw-v1,validation,cuda,float32,64,pythia_dynamical_edge_norm_matched_probe,9801caeb1bc8252573781682c3403ed9a63b90dd,"[1, 128, 512]",inputs_embeds,paper_style_feedback_dynamics,EleutherAI/pythia-70m,1.274410124096903e-06,norm_matched,fixed_random,0.05203413963317871,0.05203413590788841,1.0,1,128,7.4624552726745605,1.2615137165994383e-06,8,final_hidden,2026-07-10T15:33:26.943373+00:00,nonpad_flattened,EleutherAI/pythia-70m,-2.4076888592934653e-07,2.459029786086256e-07
65536,64,1,16,main,wikitext,wikitext-2-raw-v1,validation,cuda,float32,64,pythia_dynamical_edge_norm_matched_probe,9801caeb1bc8252573781682c3403ed9a63b90dd,"[1, 128, 512]",inputs_embeds,paper_style_feedback_dynamics,EleutherAI/pythia-70m,1.3662308901984943e-06,norm_matched,fixed_random,0.052034132182598114,0.05203413963317871,1.0,1,128,7.462455749511719,1.384518327540718e-06,9,final_hidden,2026-07-10T15:33:26.943373+00:00,nonpad_flattened,EleutherAI/pythia-70m,2.459029786086256e-07,-1.8443495166491314e-07
65536,64,1,16,main,wikitext,wikitext-2-raw-v1,validation,cuda,float32,64,pythia_dynamical_edge_norm_matched_probe,9801caeb1bc8252573781682c3403ed9a63b90dd,"[1, 128, 512]",inputs_embeds,paper_style_feedback_dynamics,EleutherAI/pythia-70m,1.40674978865718e-06,norm_matched,fixed_random,0.05203414335846901,0.052034132182598114,1.0,1,128,7.4624552726745605,1.3768037661066046e-06,10,final_hidden,2026-07-10T15:33:26.943373+00:00,nonpad_flattened,EleutherAI/pythia-70m,-1.8443495166491314e-07,2.525540563197072e-07
65536,64,1,16,main,wikitext,wikitext-2-raw-v1,validation,cuda,float32,64,pythia_dynamical_edge_norm_matched_probe,9801caeb1bc8252573781682c3403ed9a63b90dd,"[1, 128, 512]",inputs_embeds,paper_style_feedback_dynamics,EleutherAI/pythia-70m,1.3866412018614938e-06,norm_matched,fixed_random,0.05203412473201752,0.05203414335846901,1.0,1,128,7.462455749511719,1.3771875728707528e-06,11,final_hidden,2026-07-10T15:33:26.943373+00:00,nonpad_flattened,EleutherAI/pythia-70m,2.525540563197072e-07,-1.9311906497258628e-07
65536,64,1,16,main,wikitext,wikitext-2-raw-v1,validation,cuda,float32,64,pythia_dynamical_edge_norm_matched_probe,9801caeb1bc8252573781682c3403ed9a63b90dd,"[1, 128, 512]",inputs_embeds,paper_style_feedback_dynamics,EleutherAI/pythia-70m,1.380666503791872e-06,norm_matched,fixed_random,0.05203414335846901,0.05203412473201752,1.0,1,128,7.4624552726745605,1.3838990753356484e-06,12,final_hidden,2026-07-10T15:33:26.943373+00:00,nonpad_flattened,EleutherAI/pythia-70m,-1.9311906497258628e-07,-7.454184355993192e-08
65536,64,1,16,main,wikitext,wikitext-2-raw-v1,validation,cuda,float32,64,pythia_dynamical_edge_norm_matched_probe,9801caeb1bc8252573781682c3403ed9a63b90dd,"[1, 128, 512]",inputs_embeds,paper_style_feedback_dynamics,EleutherAI/pythia-70m,1.7408749499736587e-06,norm_matched,fixed_random,0.05203413963317871,0.05203414335846901,1.0,1,128,7.4624552726745605,1.2692742075159913e-06,13,final_hidden,2026-07-10T15:33:26.943373+00:00,nonpad_flattened,EleutherAI/pythia-70m,-7.454184355993192e-08,-1.9710020556728e-07
65536,64,1,16,main,wikitext,wikitext-2-raw-v1,validation,cuda,float32,64,pythia_dynamical_edge_norm_matched_probe,9801caeb1bc8252573781682c3403ed9a63b90dd,"[1, 128, 512]",inputs_embeds,paper_style_feedback_dynamics,EleutherAI/pythia-70m,1.39922417474736e-06,norm_matched,fixed_random,0.05203413963317871,0.05203413963317871,1.0,1,128,7.4624552726745605,1.253612481377786e-06,14,final_hidden,2026-07-10T15:33:26.943373+00:00,nonpad_flattened,EleutherAI/pythia-70m,-1.9710020556728e-07,2.522721863286343e-07
65536,64,1,16,main,wikitext,wikitext-2-raw-v1,validation,cuda,float32,64,pythia_dynamical_edge_norm_matched_probe,9801caeb1bc8252573781682c3403ed9a63b90dd,"[1, 128, 512]",inputs_embeds,paper_style_feedback_dynamics,EleutherAI/pythia-70m,1.3834477385898936e-06,norm_matched,fixed_random,0.05203414708375931,0.05203413963317871,1.0,1,128,7.462455749511719,1.3876880302632344e-06,15,final_hidden,2026-07-10T15:33:26.943373+00:00,nonpad_flattened,EleutherAI/pythia-70m,2.522721863286343e-07,8.158956386770176e-07
65536,64,1,16,main,wikitext,wikitext-2-raw-v1,validation,cuda,float32,64,pythia_dynamical_edge_norm_matched_probe,9801caeb1bc8252573781682c3403ed9a63b90dd,"[1, 128, 512]",inputs_embeds,paper_style_feedback_dynamics,EleutherAI/pythia-70m,1.7162619769806042e-06,norm_matched,fixed_random,0.05203413963317871,0.05203414708375931,1.0,1,128,7.462456226348877,1.4046512433196767e-06,16,final_hidden,2026-07-10T15:33:26.943373+00:00,nonpad_flattened,EleutherAI/pythia-70m,8.158956386770176e-07,2.616684200558157e-07
65536,64,1,16,main,wikitext,wikitext-2-raw-v1,validation,cuda,float32,64,pythia_dynamical_edge_norm_matched_probe,9801caeb1bc8252573781682c3403ed9a63b90dd,"[1, 128, 512]",inputs_embeds,paper_style_feedback_dynamics,EleutherAI/pythia-70m,1.4075141052671825e-06,norm_matched,fixed_random,0.05203413590788841,0.05203413963317871,1.0,1,128,7.462455749511719,1.3981973552290583e-06,17,final_hidden,2026-07-10T15:33:26.943373+00:00,nonpad_flattened,EleutherAI/pythia-70m,2.616684200558157e-07,-2.3466019210913754e-07
65536,64,1,16,main,wikitext,wikitext-2-raw-v1,validation,cuda,float32,64,pythia_dynamical_edge_norm_matched_probe,9801caeb1bc8252573781682c3403ed9a63b90dd,"[1, 128, 512]",inputs_embeds,paper_style_feedback_dynamics,EleutherAI/pythia-70m,1.2656973922275938e-06,norm_matched,fixed_random,0.05203413590788841,0.05203413590788841,1.0,1,128,7.4624552726745605,1.3749437357546412e-06,18,final_hidden,2026-07-10T15:33:26.943373+00:00,nonpad_flattened,EleutherAI/pythia-70m,-2.3466019210913754e-07,-2.5165651564590876e-07
65536,64,1,16,main,wikitext,wikitext-2-raw-v1,validation,cuda,float32,64,pythia_dynamical_edge_norm_matched_probe,9801caeb1bc8252573781682c3403ed9a63b90dd,"[1, 128, 512]",inputs_embeds,paper_style_feedback_dynamics,EleutherAI/pythia-70m,1.2511488876043586e-06,norm_matched,fixed_random,0.05203413590788841,0.05203413590788841,1.0,1,128,7.4624552726745605,1.2290965969441459e-06,19,final_hidden,2026-07-10T15:33:26.943373+00:00,nonpad_flattened,EleutherAI/pythia-70m,-2.5165651564590876e-07,-2.1751753614197015e-07
65536,64,1,16,main,wikitext,wikitext-2-raw-v1,validation,cuda,float32,64,pythia_dynamical_edge_norm_matched_probe,9801caeb1bc8252573781682c3403ed9a63b90dd,"[1, 128, 512]",inputs_embeds,paper_style_feedback_dynamics,EleutherAI/pythia-70m,1.3485275758284843e-06,norm_matched,fixed_random,0.052034132182598114,0.05203413590788841,1.0,1,128,7.4624552726745605,1.2237840110174147e-06,20,final_hidden,2026-07-10T15:33:26.943373+00:00,nonpad_flattened,EleutherAI/pythia-70m,-2.1751753614197015e-07,-2.5527364743929673e-07
65536,64,1,16,main,wikitext,wikitext-2-raw-v1,validation,cuda,float32,64,pythia_dynamical_edge_norm_matched_probe,9801caeb1bc8252573781682c3403ed9a63b90dd,"[1, 128, 512]",inputs_embeds,paper_style_feedback_dynamics,EleutherAI/pythia-70m,1.2390192978273262e-06,norm_matched,fixed_random,0.052034132182598114,0.052034132182598114,1.0,1,128,7.4624552726745605,1.2375891174087883e-06,21,final_hidden,2026-07-10T15:33:26.943373+00:00,nonpad_flattened,EleutherAI/pythia-70m,-2.5527364743929673e-07,-1.9717222167906726e-07
65536,64,1,16,main,wikitext,wikitext-2-raw-v1,validation,cuda,float32,64,pythia_dynamical_edge_norm_matched_probe,9801caeb1bc8252573781682c3403ed9a63b90dd,"[1, 128, 512]",inputs_embeds,paper_style_feedback_dynamics,EleutherAI/pythia-70m,1.4018335150467465e-06,norm_matched,fixed_random,0.05203413963317871,0.052034132182598114,1.0,1,128,7.4624552726745605,1.241305881194421e-06,22,final_hidden,2026-07-10T15:33:26.943373+00:00,nonpad_flattened,EleutherAI/pythia-70m,-1.9717222167906726e-07,-7.350168618900052e-08
65536,64,1,16,main,wikitext,wikitext-2-raw-v1,validation,cuda,float32,64,pythia_dynamical_edge_norm_matched_probe,9801caeb1bc8252573781682c3403ed9a63b90dd,"[1, 128, 512]",inputs_embeds,paper_style_feedback_dynamics,EleutherAI/pythia-70m,1.751795366544684e-06,norm_matched,fixed_random,0.05203413590788841,0.05203413963317871,1.0,1,128,7.4624552726745605,1.2343068647169275e-06,23,final_hidden,2026-07-10T15:33:26.943373+00:00,nonpad_flattened,EleutherAI/pythia-70m,-7.350168618900052e-08,2.0414265080502316e-07
65536,64,1,16,main,wikitext,wikitext-2-raw-v1,validation,cuda,float32,64,pythia_dynamical_edge_norm_matched_probe,9801caeb1bc8252573781682c3403ed9a63b90dd,"[1, 128, 512]",inputs_embeds,paper_style_feedback_dynamics,EleutherAI/pythia-70m,1.2552825410239166e-06,norm_matched,fixed_random,0.05203413590788841,0.05203413590788841,1.0,1,128,7.462455749511719,1.3552654536397313e-06,24,final_hidden,2026-07-10T15:33:26.943373+00:00,nonpad_flattened,EleutherAI/pythia-70m,2.0414265080502316e-07,-2.3790036635529298e-07
65536,64,1,16,main,wikitext,wikitext-2-raw-v1,validation,cuda,float32,64,pythia_dynamical_edge_norm_matched_probe,9801caeb1bc8252573781682c3403ed9a63b90dd,"[1, 128, 512]",inputs_embeds,paper_style_feedback_dynamics,EleutherAI/pythia-70m,1.2538915825643926e-06,norm_matched,fixed_random,0.052034132182598114,0.05203413590788841,1.0,1,128,7.4624552726745605,1.3866660992789548e-06,25,final_hidden,2026-07-10T15:33:26.943373+00:00,nonpad_flattened,EleutherAI/pythia-70m,-2.3790036635529298e-07,-1.7767533892439582e-07
65536,64,1,16,main,wikitext,wikitext-2-raw-v1,validation,cuda,float32,64,pythia_dynamical_edge_norm_matched_probe,9801caeb1bc8252573781682c3403ed9a63b90dd,"[1, 128, 512]",inputs_embeds,paper_style_feedback_dynamics,EleutherAI/pythia-70m,1.4530552334690583e-06,norm_matched,fixed_random,0.05203414335846901,0.052034132182598114,1.0,1,128,7.4624552726745605,1.2574899983519572e-06,26,final_hidden,2026-07-10T15:33:26.943373+00:00,nonpad_flattened,EleutherAI/pythia-70m,-1.7767533892439582e-07,-2.550687430056956e-07
65536,64,1,16,main,wikitext,wikitext-2-raw-v1,validation,cuda,float32,64,pythia_dynamical_edge_norm_matched_probe,9801caeb1bc8252573781682c3403ed9a63b90dd,"[1, 128, 512]",inputs_embeds,paper_style_feedback_dynamics,EleutherAI/pythia-70m,1.2304283245612169e-06,norm_matched,fixed_random,0.05203413590788841,0.05203414335846901,1.0,1,128,7.4624552726745605,1.2777103393091238e-06,27,final_hidden,2026-07-10T15:33:26.943373+00:00,nonpad_flattened,EleutherAI/pythia-70m,-2.550687430056956e-07,-2.5442854800454275e-07
65536,64,1,16,main,wikitext,wikitext-2-raw-v1,validation,cuda,float32,64,pythia_dynamical_edge_norm_matched_probe,9801caeb1bc8252573781682c3403ed9a63b90dd,"[1, 128, 512]",inputs_embeds,paper_style_feedback_dynamics,EleutherAI/pythia-70m,1.2459265690267785e-06,norm_matched,fixed_random,0.052034132182598114,0.05203413590788841,1.0,1,128,7.4624552726745605,1.2177794133094721e-06,28,final_hidden,2026-07-10T15:33:26.943373+00:00,nonpad_flattened,EleutherAI/pythia-70m,-2.5442854800454275e-07,-2.024937486415144e-07
65536,64,1,16,main,wikitext,wikitext-2-raw-v1,validation,cuda,float32,64,pythia_dynamical_edge_norm_matched_probe,9801caeb1bc8252573781682c3403ed9a63b90dd,"[1, 128, 512]",inputs_embeds,paper_style_feedback_dynamics,EleutherAI/pythia-70m,1.3906213780501275e-06,norm_matched,fixed_random,0.05203413963317871,0.052034132182598114,1.0,1,128,7.4624552726745605,1.224773427566106e-06,29,final_hidden,2026-07-10T15:33:26.943373+00:00,nonpad_flattened,EleutherAI/pythia-70m,-2.024937486415144e-07,-2.3761223999727223e-07
65536,64,1,16,main,wikitext,wikitext-2-raw-v1,validation,cuda,float32,64,pythia_dynamical_edge_norm_matched_probe,9801caeb1bc8252573781682c3403ed9a63b90dd,"[1, 128, 512]",inputs_embeds,paper_style_feedback_dynamics,EleutherAI/pythia-70m,1.2813940202249796e-06,norm_matched,fixed_random,0.05203413963317871,0.05203413963317871,1.0,1,128,7.4624552726745605,1.2698631053353893e-06,30,final_hidden,2026-07-10T15:33:26.943373+00:00,nonpad_flattened,EleutherAI/pythia-70m,-2.3761223999727223e-07,-2.4446471878380985e-07
65536,64,1,16,main,wikitext,wikitext-2-raw-v1,validation,cuda,float32,64,pythia_dynamical_edge_norm_matched_probe,9801caeb1bc8252573781682c3403ed9a63b90dd,"[1, 128, 512]",inputs_embeds,paper_style_feedback_dynamics,EleutherAI/pythia-70m,1.2565586757773417e-06,norm_matched,fixed_random,0.05203413963317871,0.05203413963317871,1.0,1,128,7.4624552726745605,1.2940757869728259e-06,31,final_hidden,2026-07-10T15:33:26.943373+00:00,nonpad_flattened,EleutherAI/pythia-70m,-2.4446471878380985e-07,-2.4675651673618056e-07
65536,64,1,16,main,wikitext,wikitext-2-raw-v1,validation,cuda,float32,64,pythia_dynamical_edge_norm_matched_probe,9801caeb1bc8252573781682c3403ed9a63b90dd,"[1, 128, 512]",inputs_embeds,paper_style_feedback_dynamics,EleutherAI/pythia-70m,1.2566501936817076e-06,norm_matched,fixed_random,0.05203414335846901,0.05203413963317871,1.0,1,128,7.4624552726745605,1.2654243164433865e-06,32,final_hidden,2026-07-10T15:33:26.943373+00:00,nonpad_flattened,EleutherAI/pythia-70m,-2.4675651673618056e-07,-2.2402606414846464e-07
65536,64,1,16,main,wikitext,wikitext-2-raw-v1,validation,cuda,float32,64,pythia_dynamical_edge_norm_matched_probe,9801caeb1bc8252573781682c3403ed9a63b90dd,"[1, 128, 512]",inputs_embeds,paper_style_feedback_dynamics,EleutherAI/pythia-70m,1.3220814025771688e-06,norm_matched,fixed_random,0.05203413963317871,0.05203414335846901,1.0,1,128,7.4624552726745605,1.2592857956406078e-06,33,final_hidden,2026-07-10T15:33:26.943373+00:00,nonpad_flattened,EleutherAI/pythia-70m,-2.2402606414846464e-07,2.583816604282191e-07
65536,64,1,16,main,wikitext,wikitext-2-raw-v1,validation,cuda,float32,64,pythia_dynamical_edge_norm_matched_probe,9801caeb1bc8252573781682c3403ed9a63b90dd,"[1, 128, 512]",inputs_embeds,paper_style_feedback_dynamics,EleutherAI/pythia-70m,1.4007015352035523e-06,norm_matched,fixed_random,0.05203414708375931,0.05203413963317871,1.0,1,128,7.462455749511719,1.3874943078917568e-06,34,final_hidden,2026-07-10T15:33:26.943373+00:00,nonpad_flattened,EleutherAI/pythia-70m,2.583816604282191e-07,-2.3278401575533258e-07
65536,64,1,16,main,wikitext,wikitext-2-raw-v1,validation,cuda,float32,64,pythia_dynamical_edge_norm_matched_probe,9801caeb1bc8252573781682c3403ed9a63b90dd,"[1, 128, 512]",inputs_embeds,paper_style_feedback_dynamics,EleutherAI/pythia-70m,1.2642846058952273e-06,norm_matched,fixed_random,0.05203414708375931,0.05203414708375931,1.0,1,128,7.4624552726745605,1.4042539078218397e-06,35,final_hidden,2026-07-10T15:33:26.943373+00:00,nonpad_flattened,EleutherAI/pythia-70m,-2.3278401575533258e-07,-2.0442476769936144e-07
65536,64,1,16,main,wikitext,wikitext-2-raw-v1,validation,cuda,float32,64,pythia_dynamical_edge_norm_matched_probe,9801caeb1bc8252573781682c3403ed9a63b90dd,"[1, 128, 512]",inputs_embeds,paper_style_feedback_dynamics,EleutherAI/pythia-70m,1.382443315378623e-06,norm_matched,fixed_random,0.05203413963317871,0.05203414708375931,1.0,1,128,7.4624552726745605,1.236758180311881e-06,36,final_hidden,2026-07-10T15:33:26.943373+00:00,nonpad_flattened,EleutherAI/pythia-70m,-2.0442476769936144e-07,-2.550701815801187e-07
65536,64,1,16,main,wikitext,wikitext-2-raw-v1,validation,cuda,float32,64,pythia_dynamical_edge_norm_matched_probe,9801caeb1bc8252573781682c3403ed9a63b90dd,"[1, 128, 512]",inputs_embeds,paper_style_feedback_dynamics,EleutherAI/pythia-70m,1.242442067450611e-06,norm_matched,fixed_random,0.052034132182598114,0.05203413963317871,1.0,1,128,7.4624552726745605,1.2251186944922665e-06,37,final_hidden,2026-07-10T15:33:26.943373+00:00,nonpad_flattened,EleutherAI/pythia-70m,-2.550701815801187e-07,-2.6026204756013547e-07
65536,64,1,16,main,wikitext,wikitext-2-raw-v1,validation,cuda,float32,64,pythia_dynamical_edge_norm_matched_probe,9801caeb1bc8252573781682c3403ed9a63b90dd,"[1, 128, 512]",inputs_embeds,paper_style_feedback_dynamics,EleutherAI/pythia-70m,1.228969495059573e-06,norm_matched,fixed_random,0.05203414708375931,0.052034132182598114,1.0,1,128,7.4624552726745605,1.2200765695524751e-06,38,final_hidden,2026-07-10T15:33:26.943373+00:00,nonpad_flattened,EleutherAI/pythia-70m,-2.6026204756013547e-07,2.4257092357975e-07
65536,64,1,16,main,wikitext,wikitext-2-raw-v1,validation,cuda,float32,64,pythia_dynamical_edge_norm_matched_probe,9801caeb1bc8252573781682c3403ed9a63b90dd,"[1, 128, 512]",inputs_embeds,paper_style_feedback_dynamics,EleutherAI/pythia-70m,1.361699219160073e-06,norm_matched,fixed_random,0.05203413963317871,0.05203414708375931,1.0,1,128,7.462455749511719,1.3632753734782455e-06,39,final_hidden,2026-07-10T15:33:26.943373+00:00,nonpad_flattened,EleutherAI/pythia-70m,2.4257092357975e-07,-1.9191898031823744e-07
65536,64,1,16,main,wikitext,wikitext-2-raw-v1,validation,cuda,float32,64,pythia_dynamical_edge_norm_matched_probe,9801caeb1bc8252573781682c3403ed9a63b90dd,"[1, 128, 512]",inputs_embeds,paper_style_feedback_dynamics,EleutherAI/pythia-70m,1.3925963457950274e-06,norm_matched,fixed_random,0.05203413590788841,0.05203413963317871,1.0,1,128,7.4624552726745605,1.346485760223004e-06,40,final_hidden,2026-07-10T15:33:26.943373+00:00,nonpad_flattened,EleutherAI/pythia-70m,-1.9191898031823744e-07,-2.4899837255230046e-07
65536,64,1,16,main,wikitext,wikitext-2-raw-v1,validation,cuda,float32,64,pythia_dynamical_edge_norm_matched_probe,9801caeb1bc8252573781682c3403ed9a63b90dd,"[1, 128, 512]",inputs_embeds,paper_style_feedback_dynamics,EleutherAI/pythia-70m,1.2638196267289459e-06,norm_matched,fixed_random,0.052034132182598114,0.05203413590788841,1.0,1,128,7.4624552726745605,1.2064144812029554e-06,41,final_hidden,2026-07-10T15:33:26.943373+00:00,nonpad_flattened,EleutherAI/pythia-70m,-2.4899837255230046e-07,2.674779731384949e-07
65536,64,1,16,main,wikitext,wikitext-2-raw-v1,validation,cuda,float32,64,pythia_dynamical_edge_norm_matched_probe,9801caeb1bc8252573781682c3403ed9a63b90dd,"[1, 128, 512]",inputs_embeds,paper_style_feedback_dynamics,EleutherAI/pythia-70m,1.4263905541156419e-06,norm_matched,fixed_random,0.05203412473201752,0.052034132182598114,1.0,1,128,7.462455749511719,1.3872055433239439e-06,42,final_hidden,2026-07-10T15:33:26.943373+00:00,nonpad_flattened,EleutherAI/pythia-70m,2.674779731384949e-07,-2.3357029340431005e-07
65536,64,1,16,main,wikitext,wikitext-2-raw-v1,validation,cuda,float32,64,pythia_dynamical_edge_norm_matched_probe,9801caeb1bc8252573781682c3403ed9a63b90dd,"[1, 128, 512]",inputs_embeds,paper_style_feedback_dynamics,EleutherAI/pythia-70m,1.2628270269487984e-06,norm_matched,fixed_random,0.05203413963317871,0.05203412473201752,1.0,1,128,7.4624552726745605,1.4009400501890923e-06,43,final_hidden,2026-07-10T15:33:26.943373+00:00,nonpad_flattened,EleutherAI/pythia-70m,-2.3357029340431005e-07,-2.455026913407113e-07
65536,64,1,16,main,wikitext,wikitext-2-raw-v1,validation,cuda,float32,64,pythia_dynamical_edge_norm_matched_probe,9801caeb1bc8252573781682c3403ed9a63b90dd,"[1, 128, 512]",inputs_embeds,paper_style_feedback_dynamics,EleutherAI/pythia-70m,1.2632748394025839e-06,norm_matched,fixed_random,0.052034132182598114,0.05203413963317871,1.0,1,128,7.4624552726745605,1.2518897847257904e-06,44,final_hidden,2026-07-10T15:33:26.943373+00:00,nonpad_flattened,EleutherAI/pythia-70m,-2.455026913407113e-07,-2.485978818169886e-07
65536,64,1,16,main,wikitext,wikitext-2-raw-v1,validation,cuda,float32,64,pythia_dynamical_edge_norm_matched_probe,9801caeb1bc8252573781682c3403ed9a63b90dd,"[1, 128, 512]",inputs_embeds,paper_style_feedback_dynamics,EleutherAI/pythia-70m,1.2546514653877239e-06,norm_matched,fixed_random,0.05203413963317871,0.052034132182598114,1.0,1,128,7.4624552726745605,1.251472554031352e-06,45,final_hidden,2026-07-10T15:33:26.943373+00:00,nonpad_flattened,EleutherAI/pythia-70m,-2.485978818169886e-07,-2.136484047117187e-07
65536,64,1,16,main,wikitext,wikitext-2-raw-v1,validation,cuda,float32,64,pythia_dynamical_edge_norm_matched_probe,9801caeb1bc8252573781682c3403ed9a63b90dd,"[1, 128, 512]",inputs_embeds,paper_style_feedback_dynamics,EleutherAI/pythia-70m,1.3573171600000933e-06,norm_matched,fixed_random,0.05203413963317871,0.05203413963317871,1.0,1,128,7.4624552726745605,1.2330142453720327e-06,46,final_hidden,2026-07-10T15:33:26.943373+00:00,nonpad_flattened,EleutherAI/pythia-70m,-2.136484047117187e-07,2.5081070926271064e-07
65536,64,1,16,main,wikitext,wikitext-2-raw-v1,validation,cuda,float32,64,pythia_dynamical_edge_norm_matched_probe,9801caeb1bc8252573781682c3403ed9a63b90dd,"[1, 128, 512]",inputs_embeds,paper_style_feedback_dynamics,EleutherAI/pythia-70m,1.3853515383743797e-06,norm_matched,fixed_random,0.05203413963317871,0.05203413963317871,1.0,1,128,7.462455749511719,1.3613411056212499e-06,47,final_hidden,2026-07-10T15:33:26.943373+00:00,nonpad_flattened,EleutherAI/pythia-70m,2.5081070926271064e-07,-2.391377056779795e-07
65536,64,1,16,main,wikitext,wikitext-2-raw-v1,validation,cuda,float32,64,pythia_dynamical_edge_norm_matched_probe,9801caeb1bc8252573781682c3403ed9a63b90dd,"[1, 128, 512]",inputs_embeds,paper_style_feedback_dynamics,EleutherAI/pythia-70m,1.2549521670734975e-06,norm_matched,fixed_random,0.05203413963317871,0.05203413963317871,1.0,1,128,7.4624552726745605,1.366772153232887e-06,48,final_hidden,2026-07-10T15:33:26.943373+00:00,nonpad_flattened,EleutherAI/pythia-70m,-2.391377056779795e-07,-2.529904313188198e-07
65536,64,1,16,main,wikitext,wikitext-2-raw-v1,validation,cuda,float32,64,pythia_dynamical_edge_norm_matched_probe,9801caeb1bc8252573781682c3403ed9a63b90dd,"[1, 128, 512]",inputs_embeds,paper_style_feedback_dynamics,EleutherAI/pythia-70m,1.2458232276912895e-06,norm_matched,fixed_random,0.05203413963317871,0.05203413963317871,1.0,1,128,7.4624552726745605,1.2359593029032112e-06,49,final_hidden,2026-07-10T15:33:26.943373+00:00,nonpad_flattened,EleutherAI/pythia-70m,-2.529904313188198e-07,2.5625382959806545e-07
65536,64,1,16,main,wikitext,wikitext-2-raw-v1,validation,cuda,float32,64,pythia_dynamical_edge_norm_matched_probe,9801caeb1bc8252573781682c3403ed9a63b90dd,"[1, 128, 512]",inputs_embeds,paper_style_feedback_dynamics,EleutherAI/pythia-70m,1.3936577261119965e-06,norm_matched,fixed_random,0.05203414708375931,0.05203413963317871,1.0,1,128,7.462455749511719,1.392089302498789e-06,50,final_hidden,2026-07-10T15:33:26.943373+00:00,nonpad_flattened,EleutherAI/pythia-70m,2.5625382959806545e-07,-2.409043998657547e-07
65536,64,1,16,main,wikitext,wikitext-2-raw-v1,validation,cuda,float32,64,pythia_dynamical_edge_norm_matched_probe,9801caeb1bc8252573781682c3403ed9a63b90dd,"[1, 128, 512]",inputs_embeds,paper_style_feedback_dynamics,EleutherAI/pythia-70m,1.2439522834029049e-06,norm_matched,fixed_random,0.05203414708375931,0.05203414708375931,1.0,1,128,7.4624552726745605,1.3931312423665076e-06,51,final_hidden,2026-07-10T15:33:26.943373+00:00,nonpad_flattened,EleutherAI/pythia-70m,-2.409043998657547e-07,2.5143308570739326e-07
65536,64,1,16,main,wikitext,wikitext-2-raw-v1,validation,cuda,float32,64,pythia_dynamical_edge_norm_matched_probe,9801caeb1bc8252573781682c3403ed9a63b90dd,"[1, 128, 512]",inputs_embeds,paper_style_feedback_dynamics,EleutherAI/pythia-70m,1.377612647956994e-06,norm_matched,fixed_random,0.05203414708375931,0.05203414708375931,1.0,1,128,7.462455749511719,1.4028796613274608e-06,52,final_hidden,2026-07-10T15:33:26.943373+00:00,nonpad_flattened,EleutherAI/pythia-70m,2.5143308570739326e-07,8.207511420848035e-07
65536,64,1,16,main,wikitext,wikitext-2-raw-v1,validation,cuda,float32,64,pythia_dynamical_edge_norm_matched_probe,9801caeb1bc8252573781682c3403ed9a63b90dd,"[1, 128, 512]",inputs_embeds,paper_style_feedback_dynamics,EleutherAI/pythia-70m,1.7320546703558648e-06,norm_matched,fixed_random,0.05203413963317871,0.05203414708375931,1.0,1,128,7.462456226348877,1.3953938378108433e-06,53,final_hidden,2026-07-10T15:33:26.943373+00:00,nonpad_flattened,EleutherAI/pythia-70m,8.207511420848035e-07,2.212274620796072e-07
65536,64,1,16,main,wikitext,wikitext-2-raw-v1,validation,cuda,float32,64,pythia_dynamical_edge_norm_matched_probe,9801caeb1bc8252573781682c3403ed9a63b90dd,"[1, 128, 512]",inputs_embeds,paper_style_feedback_dynamics,EleutherAI/pythia-70m,1.2903179822387756e-06,norm_matched,fixed_random,0.05203414708375931,0.05203413963317871,1.0,1,128,7.462455749511719,1.4125495226835483e-06,54,final_hidden,2026-07-10T15:33:26.943373+00:00,nonpad_flattened,EleutherAI/pythia-70m,2.212274620796072e-07,8.199198275607381e-07
65536,64,1,16,main,wikitext,wikitext-2-raw-v1,validation,cuda,float32,64,pythia_dynamical_edge_norm_matched_probe,9801caeb1bc8252573781682c3403ed9a63b90dd,"[1, 128, 512]",inputs_embeds,paper_style_feedback_dynamics,EleutherAI/pythia-70m,1.7294137251155917e-06,norm_matched,fixed_random,0.05203414708375931,0.05203414708375931,1.0,1,128,7.462456226348877,1.3967033964945585e-06,55,final_hidden,2026-07-10T15:33:26.943373+00:00,nonpad_flattened,EleutherAI/pythia-70m,8.199198275607381e-07,8.08617726650836e-07
65536,64,1,16,main,wikitext,wikitext-2-raw-v1,validation,cuda,float32,64,pythia_dynamical_edge_norm_matched_probe,9801caeb1bc8252573781682c3403ed9a63b90dd,"[1, 128, 512]",inputs_embeds,paper_style_feedback_dynamics,EleutherAI/pythia-70m,1.731405291138799e-06,norm_matched,fixed_random,0.05203414708375931,0.05203414708375931,1.0,1,128,7.462456226348877,1.2486671039368957e-06,56,final_hidden,2026-07-10T15:33:26.943373+00:00,nonpad_flattened,EleutherAI/pythia-70m,8.08617726650836e-07,8.200738525278373e-07
65536,64,1,16,main,wikitext,wikitext-2-raw-v1,validation,cuda,float32,64,pythia_dynamical_edge_norm_matched_probe,9801caeb1bc8252573781682c3403ed9a63b90dd,"[1, 128, 512]",inputs_embeds,paper_style_feedback_dynamics,EleutherAI/pythia-70m,1.768343395269767e-06,norm_matched,fixed_random,0.052034154534339905,0.05203414708375931,1.0,1,128,7.462456226348877,1.2282400803087512e-06,57,final_hidden,2026-07-10T15:33:26.943373+00:00,nonpad_flattened,EleutherAI/pythia-70m,8.200738525278373e-07,8.017840292852219e-07
65536,64,1,16,main,wikitext,wikitext-2-raw-v1,validation,cuda,float32,64,pythia_dynamical_edge_norm_matched_probe,9801caeb1bc8252573781682c3403ed9a63b90dd,"[1, 128, 512]",inputs_embeds,paper_style_feedback_dynamics,EleutherAI/pythia-70m,1.714615109449369e-06,norm_matched,fixed_random,0.05203413963317871,0.052034154534339905,1.0,1,128,7.462456226348877,1.237904484696628e-06,58,final_hidden,2026-07-10T15:33:26.943373+00:00,nonpad_flattened,EleutherAI/pythia-70m,8.017840292852219e-07,2.624685223611404e-07
65536,64,1,16,main,wikitext,wikitext-2-raw-v1,validation,cuda,float32,64,pythia_dynamical_edge_norm_matched_probe,9801caeb1bc8252573781682c3403ed9a63b90dd,"[1, 128, 512]",inputs_embeds,paper_style_feedback_dynamics,EleutherAI/pythia-70m,1.4142593727228814e-06,norm_matched,fixed_random,0.052034132182598114,0.05203413963317871,1.0,1,128,7.462455749511719,1.3785419241685304e-06,59,final_hidden,2026-07-10T15:33:26.943373+00:00,nonpad_flattened,EleutherAI/pythia-70m,2.624685223611404e-07,-2.432899753865515e-07
65536,64,1,16,main,wikitext,wikitext-2-raw-v1,validation,cuda,float32,64,pythia_dynamical_edge_norm_matched_probe,9801caeb1bc8252573781682c3403ed9a63b90dd,"[1, 128, 512]",inputs_embeds,paper_style_feedback_dynamics,EleutherAI/pythia-70m,1.2421003248164197e-06,norm_matched,fixed_random,0.052034128457307816,0.052034132182598114,1.0,1,128,7.4624552726745605,1.371828716401069e-06,60,final_hidden,2026-07-10T15:33:26.943373+00:00,nonpad_flattened,EleutherAI/pythia-70m,-2.432899753865515e-07,-2.568834893824748e-07
65536,64,1,16,main,wikitext,wikitext-2-raw-v1,validation,cuda,float32,64,pythia_dynamical_edge_norm_matched_probe,9801caeb1bc8252573781682c3403ed9a63b90dd,"[1, 128, 512]",inputs_embeds,paper_style_feedback_dynamics,EleutherAI/pythia-70m,1.232763793268532e-06,norm_matched,fixed_random,0.05203413963317871,0.052034128457307816,1.0,1,128,7.4624552726745605,1.2451196198526304e-06,61,final_hidden,2026-07-10T15:33:26.943373+00:00,nonpad_flattened,EleutherAI/pythia-70m,-2.568834893824748e-07,2.0605816394954465e-07
65536,64,1,16,main,wikitext,wikitext-2-raw-v1,validation,cuda,float32,64,pythia_dynamical_edge_norm_matched_probe,9801caeb1bc8252573781682c3403ed9a63b90dd,"[1, 128, 512]",inputs_embeds,paper_style_feedback_dynamics,EleutherAI/pythia-70m,1.256199197996466e-06,norm_matched,fixed_random,0.05203414708375931,0.05203413963317871,1.0,1,128,7.462455749511719,1.3748665423918283e-06,62,final_hidden,2026-07-10T15:33:26.943373+00:00,nonpad_flattened,EleutherAI/pythia-70m,2.0605816394954465e-07,8.171119705864982e-07
65536,64,3,16,main,wikitext,wikitext-2-raw-v1,validation,cuda,float32,64,pythia_dynamical_edge_norm_matched_probe,9801caeb1bc8252573781682c3403ed9a63b90dd,"[1, 128, 512]",inputs_embeds,paper_style_feedback_dynamics,EleutherAI/pythia-70m,2.2297463146969676e-06,norm_matched,fixed_random,-0.011216695420444012,-0.011216690763831139,1.0,3,128,7.564851760864258,1.3730576711168396e-06,0,final_hidden,2026-07-10T15:33:26.943373+00:00,nonpad_flattened,EleutherAI/pythia-70m,3.517030094575135e-08,-8.094371078528481e-09
65536,64,3,16,main,wikitext,wikitext-2-raw-v1,validation,cuda,float32,64,pythia_dynamical_edge_norm_matched_probe,9801caeb1bc8252573781682c3403ed9a63b90dd,"[1, 128, 512]",inputs_embeds,paper_style_feedback_dynamics,EleutherAI/pythia-70m,2.189481392633752e-06,norm_matched,fixed_random,-0.011216698214411736,-0.011216695420444012,1.0,3,128,7.564851760864258,1.3529879652196541e-06,1,final_hidden,2026-07-10T15:33:26.943373+00:00,nonpad_flattened,EleutherAI/pythia-70m,-8.094371078528481e-09,-4.093604217782273e-08
65536,64,3,16,main,wikitext,wikitext-2-raw-v1,validation,cuda,float32,64,pythia_dynamical_edge_norm_matched_probe,9801caeb1bc8252573781682c3403ed9a63b90dd,"[1, 128, 512]",inputs_embeds,paper_style_feedback_dynamics,EleutherAI/pythia-70m,2.166733793274034e-06,norm_matched,fixed_random,-0.011216690763831139,-0.011216698214411736,1.0,3,128,7.564851760864258,1.329195697508112e-06,2,final_hidden,2026-07-10T15:33:26.943373+00:00,nonpad_flattened,EleutherAI/pythia-70m,-4.093604217782273e-08,2.4473775017283855e-09
65536,64,3,16,main,wikitext,wikitext-2-raw-v1,validation,cuda,float32,64,pythia_dynamical_edge_norm_matched_probe,9801caeb1bc8252573781682c3403ed9a63b90dd,"[1, 128, 512]",inputs_embeds,paper_style_feedback_dynamics,EleutherAI/pythia-70m,2.187390009567025e-06,norm_matched,fixed_random,-0.011216689832508564,-0.011216690763831139,1.0,3,128,7.564851760864258,1.3709079667023616e-06,3,final_hidden,2026-07-10T15:33:26.943373+00:00,nonpad_flattened,EleutherAI/pythia-70m,2.4473775017283855e-09,-3.74231717174668e-08
65536,64,3,16,main,wikitext,wikitext-2-raw-v1,validation,cuda,float32,64,pythia_dynamical_edge_norm_matched_probe,9801caeb1bc8252573781682c3403ed9a63b90dd,"[1, 128, 512]",inputs_embeds,paper_style_feedback_dynamics,EleutherAI/pythia-70m,2.193640739278635e-06,norm_matched,fixed_random,-0.01121668703854084,-0.011216689832508564,1.0,3,128,7.564851760864258,1.304948114011495e-06,4,final_hidden,2026-07-10T15:33:26.943373+00:00,nonpad_flattened,EleutherAI/pythia-70m,-3.74231717174668e-08,5.7623531070381066e-09
65536,64,3,16,main,wikitext,wikitext-2-raw-v1,validation,cuda,float32,64,pythia_dynamical_edge_norm_matched_probe,9801caeb1bc8252573781682c3403ed9a63b90dd,"[1, 128, 512]",inputs_embeds,paper_style_feedback_dynamics,EleutherAI/pythia-70m,2.2304639060166664e-06,norm_matched,fixed_random,-0.011216697283089161,-0.01121668703854084,1.0,3,128,7.564851760864258,1.3286683042679215e-06,5,final_hidden,2026-07-10T15:33:26.943373+00:00,nonpad_flattened,EleutherAI/pythia-70m,5.7623531070381066e-09,2.4940904243533527e-08
65536,64,3,16,main,wikitext,wikitext-2-raw-v1,validation,cuda,float32,64,pythia_dynamical_edge_norm_matched_probe,9801caeb1bc8252573781682c3403ed9a63b90dd,"[1, 128, 512]",inputs_embeds,paper_style_feedback_dynamics,EleutherAI/pythia-70m,2.2253252609516494e-06,norm_matched,fixed_random,-0.011216695420444012,-0.011216697283089161,1.0,3,128,7.564851760864258,1.3627302450913703e-06,6,final_hidden,2026-07-10T15:33:26.943373+00:00,nonpad_flattened,EleutherAI/pythia-70m,2.4940904243533527e-08,-1.484149441201896e-08
65536,64,3,16,main,wikitext,wikitext-2-raw-v1,validation,cuda,float32,64,pythia_dynamical_edge_norm_matched_probe,9801caeb1bc8252573781682c3403ed9a63b90dd,"[1, 128, 512]",inputs_embeds,paper_style_feedback_dynamics,EleutherAI/pythia-70m,2.1737728275184054e-06,norm_matched,fixed_random,-0.011216691695153713,-0.011216695420444012,1.0,3,128,7.564851760864258,1.3601807040686253e-06,7,final_hidden,2026-07-10T15:33:26.943373+00:00,nonpad_flattened,EleutherAI/pythia-70m,-1.484149441201896e-08,3.364184922310199e-08
65536,64,3,16,main,wikitext,wikitext-2-raw-v1,validation,cuda,float32,64,pythia_dynamical_edge_norm_matched_probe,9801caeb1bc8252573781682c3403ed9a63b90dd,"[1, 128, 512]",inputs_embeds,paper_style_feedback_dynamics,EleutherAI/pythia-70m,2.2136978259368334e-06,norm_matched,fixed_random,-0.011216700077056885,-0.011216691695153713,1.0,3,128,7.564851760864258,1.38836037422152e-06,8,final_hidden,2026-07-10T15:33:26.943373+00:00,nonpad_flattened,EleutherAI/pythia-70m,3.364184922310199e-08,2.5029358458185542e-08
65536,64,3,16,main,wikitext,wikitext-2-raw-v1,validation,cuda,float32,64,pythia_dynamical_edge_norm_matched_probe,9801caeb1bc8252573781682c3403ed9a63b90dd,"[1, 128, 512]",inputs_embeds,paper_style_feedback_dynamics,EleutherAI/pythia-70m,2.194135731770075e-06,norm_matched,fixed_random,-0.011216692626476288,-0.011216700077056885,1.0,3,128,7.564851760864258,1.3970059171697358e-06,9,final_hidden,2026-07-10T15:33:26.943373+00:00,nonpad_flattened,EleutherAI/pythia-70m,2.5029358458185542e-08,5.676628747067524e-08
65536,64,3,16,main,wikitext,wikitext-2-raw-v1,validation,cuda,float32,64,pythia_dynamical_edge_norm_matched_probe,9801caeb1bc8252573781682c3403ed9a63b90dd,"[1, 128, 512]",inputs_embeds,paper_style_feedback_dynamics,EleutherAI/pythia-70m,2.2400492980523268e-06,norm_matched,fixed_random,-0.011216694489121437,-0.011216692626476288,1.0,3,128,7.564851760864258,1.3937993799117976e-06,10,final_hidden,2026-07-10T15:33:26.943373+00:00,nonpad_flattened,EleutherAI/pythia-70m,5.676628747067524e-08,-4.294909845804204e-09
65536,64,3,16,main,wikitext,wikitext-2-raw-v1,validation,cuda,float32,64,pythia_dynamical_edge_norm_matched_probe,9801caeb1bc8252573781682c3403ed9a63b90dd,"[1, 128, 512]",inputs_embeds,paper_style_feedback_dynamics,EleutherAI/pythia-70m,2.215087306467467e-06,norm_matched,fixed_random,-0.011216692626476288,-0.011216694489121437,1.0,3,128,7.564851760864258,1.3305896118254168e-06,11,final_hidden,2026-07-10T15:33:26.943373+00:00,nonpad_flattened,EleutherAI/pythia-70m,-4.294909845804204e-09,-1.41371124130324e-08
65536,64,3,16,main,wikitext,wikitext-2-raw-v1,validation,cuda,float32,64,pythia_dynamical_edge_norm_matched_probe,9801caeb1bc8252573781682c3403ed9a63b90dd,"[1, 128, 512]",inputs_embeds,paper_style_feedback_dynamics,EleutherAI/pythia-70m,2.186098299716832e-06,norm_matched,fixed_random,-0.011216692626476288,-0.011216692626476288,1.0,3,128,7.564851760864258,1.3477318816512707e-06,12,final_hidden,2026-07-10T15:33:26.943373+00:00,nonpad_flattened,EleutherAI/pythia-70m,-1.41371124130324e-08,1.6087231158892338e-09
65536,64,3,16,main,wikitext,wikitext-2-raw-v1,validation,cuda,float32,64,pythia_dynamical_edge_norm_matched_probe,9801caeb1bc8252573781682c3403ed9a63b90dd,"[1, 128, 512]",inputs_embeds,paper_style_feedback_dynamics,EleutherAI/pythia-70m,2.180086084990762e-06,norm_matched,fixed_random,-0.011216698214411736,-0.011216692626476288,1.0,3,128,7.564851760864258,1.377660396428837e-06,13,final_hidden,2026-07-10T15:33:26.943373+00:00,nonpad_flattened,EleutherAI/pythia-70m,1.6087231158892338e-09,-1.492758078111747e-08
65536,64,3,16,main,wikitext,wikitext-2-raw-v1,validation,cuda,float32,64,pythia_dynamical_edge_norm_matched_probe,9801caeb1bc8252573781682c3403ed9a63b90dd,"[1, 128, 512]",inputs_embeds,paper_style_feedback_dynamics,EleutherAI/pythia-70m,2.162638793379301e-06,norm_matched,fixed_random,-0.011216685175895691,-0.011216698214411736,1.0,3,128,7.564851760864258,1.372241968056187e-06,14,final_hidden,2026-07-10T15:33:26.943373+00:00,nonpad_flattened,EleutherAI/pythia-70m,-1.492758078111747e-08,7.173969402773099e-08
65536,64,3,16,main,wikitext,wikitext-2-raw-v1,validation,cuda,float32,64,pythia_dynamical_edge_norm_matched_probe,9801caeb1bc8252573781682c3403ed9a63b90dd,"[1, 128, 512]",inputs_embeds,paper_style_feedback_dynamics,EleutherAI/pythia-70m,2.257491132695577e-06,norm_matched,fixed_random,-0.011216701939702034,-0.011216685175895691,1.0,3,128,7.564851760864258,1.3969064411867294e-06,15,final_hidden,2026-07-10T15:33:26.943373+00:00,nonpad_flattened,EleutherAI/pythia-70m,7.173969402773099e-08,2.6558597147771297e-08
65536,64,3,16,main,wikitext,wikitext-2-raw-v1,validation,cuda,float32,64,pythia_dynamical_edge_norm_matched_probe,9801caeb1bc8252573781682c3403ed9a63b90dd,"[1, 128, 512]",inputs_embeds,paper_style_feedback_dynamics,EleutherAI/pythia-70m,2.196619107053266e-06,norm_matched,fixed_random,-0.011216698214411736,-0.011216701939702034,1.0,3,128,7.564851760864258,1.3965546941108187e-06,16,final_hidden,2026-07-10T15:33:26.943373+00:00,nonpad_flattened,EleutherAI/pythia-70m,2.6558597147771297e-08,1.6439002533491168e-08
65536,64,3,16,main,wikitext,wikitext-2-raw-v1,validation,cuda,float32,64,pythia_dynamical_edge_norm_matched_probe,9801caeb1bc8252573781682c3403ed9a63b90dd,"[1, 128, 512]",inputs_embeds,paper_style_feedback_dynamics,EleutherAI/pythia-70m,2.2256131160247605e-06,norm_matched,fixed_random,-0.011216691695153713,-0.011216698214411736,1.0,3,128,7.564851760864258,1.34980916755012e-06,17,final_hidden,2026-07-10T15:33:26.943373+00:00,nonpad_flattened,EleutherAI/pythia-70m,1.6439002533491168e-08,2.92011741333951e-09
65536,64,3,16,main,wikitext,wikitext-2-raw-v1,validation,cuda,float32,64,pythia_dynamical_edge_norm_matched_probe,9801caeb1bc8252573781682c3403ed9a63b90dd,"[1, 128, 512]",inputs_embeds,paper_style_feedback_dynamics,EleutherAI/pythia-70m,2.21995969695854e-06,norm_matched,fixed_random,-0.011216690763831139,-0.011216691695153713,1.0,3,128,7.564851760864258,1.3359534705159604e-06,18,final_hidden,2026-07-10T15:33:26.943373+00:00,nonpad_flattened,EleutherAI/pythia-70m,2.92011741333951e-09,-2.8844983550595836e-08
65536,64,3,16,main,wikitext,wikitext-2-raw-v1,validation,cuda,float32,64,pythia_dynamical_edge_norm_matched_probe,9801caeb1bc8252573781682c3403ed9a63b90dd,"[1, 128, 512]",inputs_embeds,paper_style_feedback_dynamics,EleutherAI/pythia-70m,2.190884515584912e-06,norm_matched,fixed_random,-0.011216694489121437,-0.011216690763831139,1.0,3,128,7.564851760864258,1.3206845324020833e-06,19,final_hidden,2026-07-10T15:33:26.943373+00:00,nonpad_flattened,EleutherAI/pythia-70m,-2.8844983550595836e-08,1.897028280568438e-08
65536,64,3,16,main,wikitext,wikitext-2-raw-v1,validation,cuda,float32,64,pythia_dynamical_edge_norm_matched_probe,9801caeb1bc8252573781682c3403ed9a63b90dd,"[1, 128, 512]",inputs_embeds,paper_style_feedback_dynamics,EleutherAI/pythia-70m,2.21202890315908e-06,norm_matched,fixed_random,-0.011216695420444012,-0.011216694489121437,1.0,3,128,7.564851760864258,1.3684335726793506e-06,20,final_hidden,2026-07-10T15:33:26.943373+00:00,nonpad_flattened,EleutherAI/pythia-70m,1.897028280568438e-08,-5.4954147936473e-08
65536,64,3,16,main,wikitext,wikitext-2-raw-v1,validation,cuda,float32,64,pythia_dynamical_edge_norm_matched_probe,9801caeb1bc8252573781682c3403ed9a63b90dd,"[1, 128, 512]",inputs_embeds,paper_style_feedback_dynamics,EleutherAI/pythia-70m,2.1512516923394287e-06,norm_matched,fixed_random,-0.011216702871024609,-0.011216695420444012,1.0,3,128,7.564851760864258,1.3253596762297093e-06,21,final_hidden,2026-07-10T15:33:26.943373+00:00,nonpad_flattened,EleutherAI/pythia-70m,-5.4954147936473e-08,-1.6023575301007113e-08
65536,64,3,16,main,wikitext,wikitext-2-raw-v1,validation,cuda,float32,64,pythia_dynamical_edge_norm_matched_probe,9801caeb1bc8252573781682c3403ed9a63b90dd,"[1, 128, 512]",inputs_embeds,paper_style_feedback_dynamics,EleutherAI/pythia-70m,2.181979425586178e-06,norm_matched,fixed_random,-0.011216698214411736,-0.011216702871024609,1.0,3,128,7.564851760864258,1.3494438917405205e-06,22,final_hidden,2026-07-10T15:33:26.943373+00:00,nonpad_flattened,EleutherAI/pythia-70m,-1.6023575301007113e-08,-6.833732856812799e-09
65536,64,3,16,main,wikitext,wikitext-2-raw-v1,validation,cuda,float32,64,pythia_dynamical_edge_norm_matched_probe,9801caeb1bc8252573781682c3403ed9a63b90dd,"[1, 128, 512]",inputs_embeds,paper_style_feedback_dynamics,EleutherAI/pythia-70m,2.193667341998662e-06,norm_matched,fixed_random,-0.011216693557798862,-0.011216698214411736,1.0,3,128,7.564851760864258,1.3502746014637523e-06,23,final_hidden,2026-07-10T15:33:26.943373+00:00,nonpad_flattened,EleutherAI/pythia-70m,-6.833732856812799e-09,1.112552165898175e-09
65536,64,3,16,main,wikitext,wikitext-2-raw-v1,validation,cuda,float32,64,pythia_dynamical_edge_norm_matched_probe,9801caeb1bc8252573781682c3403ed9a63b90dd,"[1, 128, 512]",inputs_embeds,paper_style_feedback_dynamics,EleutherAI/pythia-70m,2.2089639060141053e-06,norm_matched,fixed_random,-0.01121668703854084,-0.011216693557798862,1.0,3,128,7.564851760864258,1.3453109204419889e-06,24,final_hidden,2026-07-10T15:33:26.943373+00:00,nonpad_flattened,EleutherAI/pythia-70m,1.112552165898175e-09,-1.925121767188349e-08
65536,64,3,16,main,wikitext,wikitext-2-raw-v1,validation,cuda,float32,64,pythia_dynamical_edge_norm_matched_probe,9801caeb1bc8252573781682c3403ed9a63b90dd,"[1, 128, 512]",inputs_embeds,paper_style_feedback_dynamics,EleutherAI/pythia-70m,2.181045374527457e-06,norm_matched,fixed_random,-0.011216690763831139,-0.01121668703854084,1.0,3,128,7.564851760864258,1.3456807437250973e-06,25,final_hidden,2026-07-10T15:33:26.943373+00:00,nonpad_flattened,EleutherAI/pythia-70m,-1.925121767188349e-08,2.0614343881665906e-08
65536,64,3,16,main,wikitext,wikitext-2-raw-v1,validation,cuda,float32,64,pythia_dynamical_edge_norm_matched_probe,9801caeb1bc8252573781682c3403ed9a63b90dd,"[1, 128, 512]",inputs_embeds,paper_style_feedback_dynamics,EleutherAI/pythia-70m,2.234772864539991e-06,norm_matched,fixed_random,-0.011216680519282818,-0.011216690763831139,1.0,3,128,7.564851760864258,1.345972464150691e-06,26,final_hidden,2026-07-10T15:33:26.943373+00:00,nonpad_flattened,EleutherAI/pythia-70m,2.0614343881665906e-08,4.7763053195380586e-08
65536,64,3,16,main,wikitext,wikitext-2-raw-v1,validation,cuda,float32,64,pythia_dynamical_edge_norm_matched_probe,9801caeb1bc8252573781682c3403ed9a63b90dd,"[1, 128, 512]",inputs_embeds,paper_style_feedback_dynamics,EleutherAI/pythia-70m,2.2358055957738543e-06,norm_matched,fixed_random,-0.01121668890118599,-0.011216680519282818,1.0,3,128,7.564851760864258,1.3850958566763438e-06,27,final_hidden,2026-07-10T15:33:26.943373+00:00,nonpad_flattened,EleutherAI/pythia-70m,4.7763053195380586e-08,-3.602742828037564e-08
65536,64,3,16,main,wikitext,wikitext-2-raw-v1,validation,cuda,float32,64,pythia_dynamical_edge_norm_matched_probe,9801caeb1bc8252573781682c3403ed9a63b90dd,"[1, 128, 512]",inputs_embeds,paper_style_feedback_dynamics,EleutherAI/pythia-70m,2.1780419956485275e-06,norm_matched,fixed_random,-0.011216692626476288,-0.01121668890118599,1.0,3,128,7.564851760864258,1.32409422803903e-06,28,final_hidden,2026-07-10T15:33:26.943373+00:00,nonpad_flattened,EleutherAI/pythia-70m,-3.602742828037564e-08,-1.0483248403892987e-08
65536,64,3,16,main,wikitext,wikitext-2-raw-v1,validation,cuda,float32,64,pythia_dynamical_edge_norm_matched_probe,9801caeb1bc8252573781682c3403ed9a63b90dd,"[1, 128, 512]",inputs_embeds,paper_style_feedback_dynamics,EleutherAI/pythia-70m,2.1850114535482135e-06,norm_matched,fixed_random,-0.01121670100837946,-0.011216692626476288,1.0,3,128,7.564851760864258,1.354339360659651e-06,29,final_hidden,2026-07-10T15:33:26.943373+00:00,nonpad_flattened,EleutherAI/pythia-70m,-1.0483248403892987e-08,-3.388569043815503e-08
65536,64,3,16,main,wikitext,wikitext-2-raw-v1,validation,cuda,float32,64,pythia_dynamical_edge_norm_matched_probe,9801caeb1bc8252573781682c3403ed9a63b90dd,"[1, 128, 512]",inputs_embeds,paper_style_feedback_dynamics,EleutherAI/pythia-70m,2.190470922869281e-06,norm_matched,fixed_random,-0.011216693557798862,-0.01121670100837946,1.0,3,128,7.564851760864258,1.313663346991234e-06,30,final_hidden,2026-07-10T15:33:26.943373+00:00,nonpad_flattened,EleutherAI/pythia-70m,-3.388569043815503e-08,1.3753396067097223e-08
65536,64,3,16,main,wikitext,wikitext-2-raw-v1,validation,cuda,float32,64,pythia_dynamical_edge_norm_matched_probe,9801caeb1bc8252573781682c3403ed9a63b90dd,"[1, 128, 512]",inputs_embeds,paper_style_feedback_dynamics,EleutherAI/pythia-70m,2.210325646956335e-06,norm_matched,fixed_random,-0.011216702871024609,-0.011216693557798862,1.0,3,128,7.564851760864258,1.3625630117530818e-06,31,final_hidden,2026-07-10T15:33:26.943373+00:00,nonpad_flattened,EleutherAI/pythia-70m,1.3753396067097223e-08,7.160875161018576e-09
65536,64,3,16,main,wikitext,wikitext-2-raw-v1,validation,cuda,float32,64,pythia_dynamical_edge_norm_matched_probe,9801caeb1bc8252573781682c3403ed9a63b90dd,"[1, 128, 512]",inputs_embeds,paper_style_feedback_dynamics,EleutherAI/pythia-70m,2.211901573900832e-06,norm_matched,fixed_random,-0.011216686107218266,-0.011216702871024609,1.0,3,128,7.564851760864258,1.351062905996514e-06,32,final_hidden,2026-07-10T15:33:26.943373+00:00,nonpad_flattened,EleutherAI/pythia-70m,7.160875161018576e-09,-3.969644864882062e-08
65536,64,3,16,main,wikitext,wikitext-2-raw-v1,validation,cuda,float32,64,pythia_dynamical_edge_norm_matched_probe,9801caeb1bc8252573781682c3403ed9a63b90dd,"[1, 128, 512]",inputs_embeds,paper_style_feedback_dynamics,EleutherAI/pythia-70m,2.1750950054411078e-06,norm_matched,fixed_random,-0.011216686107218266,-0.011216686107218266,1.0,3,128,7.564851760864258,1.3218802905612392e-06,33,final_hidden,2026-07-10T15:33:26.943373+00:00,nonpad_flattened,EleutherAI/pythia-70m,-3.969644864882062e-08,-2.0223896929120706e-08
65536,64,3,16,main,wikitext,wikitext-2-raw-v1,validation,cuda,float32,64,pythia_dynamical_edge_norm_matched_probe,9801caeb1bc8252573781682c3403ed9a63b90dd,"[1, 128, 512]",inputs_embeds,paper_style_feedback_dynamics,EleutherAI/pythia-70m,2.1889784420636715e-06,norm_matched,fixed_random,-0.011216689832508564,-0.011216686107218266,1.0,3,128,7.564851760864258,1.3355538612813689e-06,34,final_hidden,2026-07-10T15:33:26.943373+00:00,nonpad_flattened,EleutherAI/pythia-70m,-2.0223896929120706e-08,1.2604257431255533e-08
65536,64,3,16,main,wikitext,wikitext-2-raw-v1,validation,cuda,float32,64,pythia_dynamical_edge_norm_matched_probe,9801caeb1bc8252573781682c3403ed9a63b90dd,"[1, 128, 512]",inputs_embeds,paper_style_feedback_dynamics,EleutherAI/pythia-70m,2.1922733139945194e-06,norm_matched,fixed_random,-0.011216693557798862,-0.011216689832508564,1.0,3,128,7.564851760864258,1.3806218248646474e-06,35,final_hidden,2026-07-10T15:33:26.943373+00:00,nonpad_flattened,EleutherAI/pythia-70m,1.2604257431255533e-08,-5.652444601171059e-09
65536,64,3,16,main,wikitext,wikitext-2-raw-v1,validation,cuda,float32,64,pythia_dynamical_edge_norm_matched_probe,9801caeb1bc8252573781682c3403ed9a63b90dd,"[1, 128, 512]",inputs_embeds,paper_style_feedback_dynamics,EleutherAI/pythia-70m,2.1792398001707625e-06,norm_matched,fixed_random,-0.011216683313250542,-0.011216693557798862,1.0,3,128,7.564851760864258,1.3678205732503557e-06,36,final_hidden,2026-07-10T15:33:26.943373+00:00,nonpad_flattened,EleutherAI/pythia-70m,-5.652444601171059e-09,7.137945150793557e-09
65536,64,3,16,main,wikitext,wikitext-2-raw-v1,validation,cuda,float32,64,pythia_dynamical_edge_norm_matched_probe,9801caeb1bc8252573781682c3403ed9a63b90dd,"[1, 128, 512]",inputs_embeds,paper_style_feedback_dynamics,EleutherAI/pythia-70m,2.2036806512915064e-06,norm_matched,fixed_random,-0.011216695420444012,-0.011216683313250542,1.0,3,128,7.564851760864258,1.3600287047665915e-06,37,final_hidden,2026-07-10T15:33:26.943373+00:00,nonpad_flattened,EleutherAI/pythia-70m,7.137945150793557e-09,-7.297228677298437e-09
65536,64,3,16,main,wikitext,wikitext-2-raw-v1,validation,cuda,float32,64,pythia_dynamical_edge_norm_matched_probe,9801caeb1bc8252573781682c3403ed9a63b90dd,"[1, 128, 512]",inputs_embeds,paper_style_feedback_dynamics,EleutherAI/pythia-70m,2.195128899984411e-06,norm_matched,fixed_random,-0.01121669914573431,-0.011216695420444012,1.0,3,128,7.564851760864258,1.3479873359756311e-06,38,final_hidden,2026-07-10T15:33:26.943373+00:00,nonpad_flattened,EleutherAI/pythia-70m,-7.297228677298437e-09,-1.3374084012718813e-08
65536,64,3,16,main,wikitext,wikitext-2-raw-v1,validation,cuda,float32,64,pythia_dynamical_edge_norm_matched_probe,9801caeb1bc8252573781682c3403ed9a63b90dd,"[1, 128, 512]",inputs_embeds,paper_style_feedback_dynamics,EleutherAI/pythia-70m,2.184685399697628e-06,norm_matched,fixed_random,-0.011216683313250542,-0.01121669914573431,1.0,3,128,7.564851760864258,1.3504100024874788e-06,39,final_hidden,2026-07-10T15:33:26.943373+00:00,nonpad_flattened,EleutherAI/pythia-70m,-1.3374084012718813e-08,7.751240400592637e-09
65536,64,3,16,main,wikitext,wikitext-2-raw-v1,validation,cuda,float32,64,pythia_dynamical_edge_norm_matched_probe,9801caeb1bc8252573781682c3403ed9a63b90dd,"[1, 128, 512]",inputs_embeds,paper_style_feedback_dynamics,EleutherAI/pythia-70m,2.1972125523461727e-06,norm_matched,fixed_random,-0.011216697283089161,-0.011216683313250542,1.0,3,128,7.564851760864258,1.3680189567821799e-06,40,final_hidden,2026-07-10T15:33:26.943373+00:00,nonpad_flattened,EleutherAI/pythia-70m,7.751240400592637e-09,4.460475750713623e-08
65536,64,3,16,main,wikitext,wikitext-2-raw-v1,validation,cuda,float32,64,pythia_dynamical_edge_norm_matched_probe,9801caeb1bc8252573781682c3403ed9a63b90dd,"[1, 128, 512]",inputs_embeds,paper_style_feedback_dynamics,EleutherAI/pythia-70m,2.2286383227765327e-06,norm_matched,fixed_random,-0.011216705664992332,-0.011216697283089161,1.0,3,128,7.564851760864258,1.3882593066227855e-06,41,final_hidden,2026-07-10T15:33:26.943373+00:00,nonpad_flattened,EleutherAI/pythia-70m,4.460475750713623e-08,-2.1678559349725385e-08
65536,64,3,16,main,wikitext,wikitext-2-raw-v1,validation,cuda,float32,64,pythia_dynamical_edge_norm_matched_probe,9801caeb1bc8252573781682c3403ed9a63b90dd,"[1, 128, 512]",inputs_embeds,paper_style_feedback_dynamics,EleutherAI/pythia-70m,2.1956766431685537e-06,norm_matched,fixed_random,-0.01121668890118599,-0.011216705664992332,1.0,3,128,7.564851760864258,1.3260641935630701e-06,42,final_hidden,2026-07-10T15:33:26.943373+00:00,nonpad_flattened,EleutherAI/pythia-70m,-2.1678559349725385e-08,-1.077710177419886e-09
65536,64,3,16,main,wikitext,wikitext-2-raw-v1,validation,cuda,float32,64,pythia_dynamical_edge_norm_matched_probe,9801caeb1bc8252573781682c3403ed9a63b90dd,"[1, 128, 512]",inputs_embeds,paper_style_feedback_dynamics,EleutherAI/pythia-70m,2.195355591538828e-06,norm_matched,fixed_random,-0.011216686107218266,-0.01121668890118599,1.0,3,128,7.564851760864258,1.3569609791375115e-06,43,final_hidden,2026-07-10T15:33:26.943373+00:00,nonpad_flattened,EleutherAI/pythia-70m,-1.077710177419886e-09,-8.326741530508682e-09
65536,64,3,16,main,wikitext,wikitext-2-raw-v1,validation,cuda,float32,64,pythia_dynamical_edge_norm_matched_probe,9801caeb1bc8252573781682c3403ed9a63b90dd,"[1, 128, 512]",inputs_embeds,paper_style_feedback_dynamics,EleutherAI/pythia-70m,2.196838750023744e-06,norm_matched,fixed_random,-0.011216696351766586,-0.011216686107218266,1.0,3,128,7.564851760864258,1.3445890090224566e-06,44,final_hidden,2026-07-10T15:33:26.943373+00:00,nonpad_flattened,EleutherAI/pythia-70m,-8.326741530508682e-09,1.5211744760670972e-08
65536,64,3,16,main,wikitext,wikitext-2-raw-v1,validation,cuda,float32,64,pythia_dynamical_edge_norm_matched_probe,9801caeb1bc8252573781682c3403ed9a63b90dd,"[1, 128, 512]",inputs_embeds,paper_style_feedback_dynamics,EleutherAI/pythia-70m,2.2294816517387517e-06,norm_matched,fixed_random,-0.011216691695153713,-0.011216696351766586,1.0,3,128,7.564851760864258,1.3437544339467422e-06,45,final_hidden,2026-07-10T15:33:26.943373+00:00,nonpad_flattened,EleutherAI/pythia-70m,1.5211744760670972e-08,1.0216622130142227e-08
65536,64,3,16,main,wikitext,wikitext-2-raw-v1,validation,cuda,float32,64,pythia_dynamical_edge_norm_matched_probe,9801caeb1bc8252573781682c3403ed9a63b90dd,"[1, 128, 512]",inputs_embeds,paper_style_feedback_dynamics,EleutherAI/pythia-70m,2.2112458282208536e-06,norm_matched,fixed_random,-0.011216674000024796,-0.011216691695153713,1.0,3,128,7.564851760864258,1.3563115999204456e-06,46,final_hidden,2026-07-10T15:33:26.943373+00:00,nonpad_flattened,EleutherAI/pythia-70m,1.0216622130142227e-08,6.202236325288765e-08
65536,64,3,16,main,wikitext,wikitext-2-raw-v1,validation,cuda,float32,64,pythia_dynamical_edge_norm_matched_probe,9801caeb1bc8252573781682c3403ed9a63b90dd,"[1, 128, 512]",inputs_embeds,paper_style_feedback_dynamics,EleutherAI/pythia-70m,2.2767408154322766e-06,norm_matched,fixed_random,-0.011216690763831139,-0.011216674000024796,1.0,3,128,7.564851760864258,1.3614248928206507e-06,47,final_hidden,2026-07-10T15:33:26.943373+00:00,nonpad_flattened,EleutherAI/pythia-70m,6.202236325288765e-08,-1.517200848601682e-08
65536,64,3,16,main,wikitext,wikitext-2-raw-v1,validation,cuda,float32,64,pythia_dynamical_edge_norm_matched_probe,9801caeb1bc8252573781682c3403ed9a63b90dd,"[1, 128, 512]",inputs_embeds,paper_style_feedback_dynamics,EleutherAI/pythia-70m,2.1955979718768504e-06,norm_matched,fixed_random,-0.011216695420444012,-0.011216690763831139,1.0,3,128,7.564851760864258,1.3357977195482817e-06,48,final_hidden,2026-07-10T15:33:26.943373+00:00,nonpad_flattened,EleutherAI/pythia-70m,-1.517200848601682e-08,-5.1948622849179765e-09
65536,64,3,16,main,wikitext,wikitext-2-raw-v1,validation,cuda,float32,64,pythia_dynamical_edge_norm_matched_probe,9801caeb1bc8252573781682c3403ed9a63b90dd,"[1, 128, 512]",inputs_embeds,paper_style_feedback_dynamics,EleutherAI/pythia-70m,2.2004967377142748e-06,norm_matched,fixed_random,-0.01121668890118599,-0.011216695420444012,1.0,3,128,7.564851760864258,1.3452281564241275e-06,49,final_hidden,2026-07-10T15:33:26.943373+00:00,nonpad_flattened,EleutherAI/pythia-70m,-5.1948622849179765e-09,-4.1685033562567715e-09
65536,64,3,16,main,wikitext,wikitext-2-raw-v1,validation,cuda,float32,64,pythia_dynamical_edge_norm_matched_probe,9801caeb1bc8252573781682c3403ed9a63b90dd,"[1, 128, 512]",inputs_embeds,paper_style_feedback_dynamics,EleutherAI/pythia-70m,2.1922458017797908e-06,norm_matched,fixed_random,-0.01121668703854084,-0.01121668890118599,1.0,3,128,7.564851760864258,1.355782615064527e-06,50,final_hidden,2026-07-10T15:33:26.943373+00:00,nonpad_flattened,EleutherAI/pythia-70m,-4.1685033562567715e-09,4.2423369126631185e-08
65536,64,3,16,main,wikitext,wikitext-2-raw-v1,validation,cuda,float32,64,pythia_dynamical_edge_norm_matched_probe,9801caeb1bc8252573781682c3403ed9a63b90dd,"[1, 128, 512]",inputs_embeds,paper_style_feedback_dynamics,EleutherAI/pythia-70m,2.233625309600029e-06,norm_matched,fixed_random,-0.011216685175895691,-0.01121668703854084,1.0,3,128,7.564851760864258,1.379565446768538e-06,51,final_hidden,2026-07-10T15:33:26.943373+00:00,nonpad_flattened,EleutherAI/pythia-70m,4.2423369126631185e-08,-2.6295066329470954e-08
65536,64,3,16,main,wikitext,wikitext-2-raw-v1,validation,cuda,float32,64,pythia_dynamical_edge_norm_matched_probe,9801caeb1bc8252573781682c3403ed9a63b90dd,"[1, 128, 512]",inputs_embeds,paper_style_feedback_dynamics,EleutherAI/pythia-70m,2.2031460957805393e-06,norm_matched,fixed_random,-0.011216703802347183,-0.011216685175895691,1.0,3,128,7.564851760864258,1.3110420695738867e-06,52,final_hidden,2026-07-10T15:33:26.943373+00:00,nonpad_flattened,EleutherAI/pythia-70m,-2.6295066329470954e-08,-1.5492411913202545e-08
65536,64,3,16,main,wikitext,wikitext-2-raw-v1,validation,cuda,float32,64,pythia_dynamical_edge_norm_matched_probe,9801caeb1bc8252573781682c3403ed9a63b90dd,"[1, 128, 512]",inputs_embeds,paper_style_feedback_dynamics,EleutherAI/pythia-70m,2.184091954404721e-06,norm_matched,fixed_random,-0.011216695420444012,-0.011216703802347183,1.0,3,128,7.564851760864258,1.347918782812485e-06,53,final_hidden,2026-07-10T15:33:26.943373+00:00,nonpad_flattened,EleutherAI/pythia-70m,-1.5492411913202545e-08,-1.4059240063817653e-08
65536,64,3,16,main,wikitext,wikitext-2-raw-v1,validation,cuda,float32,64,pythia_dynamical_edge_norm_matched_probe,9801caeb1bc8252573781682c3403ed9a63b90dd,"[1, 128, 512]",inputs_embeds,paper_style_feedback_dynamics,EleutherAI/pythia-70m,2.2299680040305248e-06,norm_matched,fixed_random,-0.011216684244573116,-0.011216695420444012,1.0,3,128,7.564851760864258,1.299821292377601e-06,54,final_hidden,2026-07-10T15:33:26.943373+00:00,nonpad_flattened,EleutherAI/pythia-70m,-1.4059240063817653e-08,-1.2385879340872756e-09
65536,64,3,16,main,wikitext,wikitext-2-raw-v1,validation,cuda,float32,64,pythia_dynamical_edge_norm_matched_probe,9801caeb1bc8252573781682c3403ed9a63b90dd,"[1, 128, 512]",inputs_embeds,paper_style_feedback_dynamics,EleutherAI/pythia-70m,2.2150825316202827e-06,norm_matched,fixed_random,-0.011216686107218266,-0.011216684244573116,1.0,3,128,7.564851760864258,1.3351265124583733e-06,55,final_hidden,2026-07-10T15:33:26.943373+00:00,nonpad_flattened,EleutherAI/pythia-70m,-1.2385879340872756e-09,1.7787571663874535e-08
65536,64,3,16,main,wikitext,wikitext-2-raw-v1,validation,cuda,float32,64,pythia_dynamical_edge_norm_matched_probe,9801caeb1bc8252573781682c3403ed9a63b90dd,"[1, 128, 512]",inputs_embeds,paper_style_feedback_dynamics,EleutherAI/pythia-70m,2.215409040218219e-06,norm_matched,fixed_random,-0.011216690763831139,-0.011216686107218266,1.0,3,128,7.564851760864258,1.3629795603264938e-06,56,final_hidden,2026-07-10T15:33:26.943373+00:00,nonpad_flattened,EleutherAI/pythia-70m,1.7787571663874535e-08,3.3910478044346335e-09
65536,64,3,16,main,wikitext,wikitext-2-raw-v1,validation,cuda,float32,64,pythia_dynamical_edge_norm_matched_probe,9801caeb1bc8252573781682c3403ed9a63b90dd,"[1, 128, 512]",inputs_embeds,paper_style_feedback_dynamics,EleutherAI/pythia-70m,2.1734003894380294e-06,norm_matched,fixed_random,-0.01121668703854084,-0.011216690763831139,1.0,3,128,7.564851760864258,1.3876222055841936e-06,57,final_hidden,2026-07-10T15:33:26.943373+00:00,nonpad_flattened,EleutherAI/pythia-70m,3.3910478044346335e-09,-4.209111674839519e-08
65536,64,3,16,main,wikitext,wikitext-2-raw-v1,validation,cuda,float32,64,pythia_dynamical_edge_norm_matched_probe,9801caeb1bc8252573781682c3403ed9a63b90dd,"[1, 128, 512]",inputs_embeds,paper_style_feedback_dynamics,EleutherAI/pythia-70m,2.1652342638844857e-06,norm_matched,fixed_random,-0.011216684244573116,-0.01121668703854084,1.0,3,128,7.564851760864258,1.329124643234536e-06,58,final_hidden,2026-07-10T15:33:26.943373+00:00,nonpad_flattened,EleutherAI/pythia-70m,-4.209111674839519e-08,-3.982800107130826e-08
65536,64,3,16,main,wikitext,wikitext-2-raw-v1,validation,cuda,float32,64,pythia_dynamical_edge_norm_matched_probe,9801caeb1bc8252573781682c3403ed9a63b90dd,"[1, 128, 512]",inputs_embeds,paper_style_feedback_dynamics,EleutherAI/pythia-70m,2.1601499611278996e-06,norm_matched,fixed_random,-0.011216695420444012,-0.011216684244573116,1.0,3,128,7.564851760864258,1.3380462178247399e-06,59,final_hidden,2026-07-10T15:33:26.943373+00:00,nonpad_flattened,EleutherAI/pythia-70m,-3.982800107130826e-08,-8.346436076925674e-09
65536,64,3,16,main,wikitext,wikitext-2-raw-v1,validation,cuda,float32,64,pythia_dynamical_edge_norm_matched_probe,9801caeb1bc8252573781682c3403ed9a63b90dd,"[1, 128, 512]",inputs_embeds,paper_style_feedback_dynamics,EleutherAI/pythia-70m,2.2031158550817054e-06,norm_matched,fixed_random,-0.01121667679399252,-0.011216695420444012,1.0,3,128,7.564851760864258,1.337687990599079e-06,60,final_hidden,2026-07-10T15:33:26.943373+00:00,nonpad_flattened,EleutherAI/pythia-70m,-8.346436076925674e-09,-1.2580203605632774e-08
65536,64,3,16,main,wikitext,wikitext-2-raw-v1,validation,cuda,float32,64,pythia_dynamical_edge_norm_matched_probe,9801caeb1bc8252573781682c3403ed9a63b90dd,"[1, 128, 512]",inputs_embeds,paper_style_feedback_dynamics,EleutherAI/pythia-70m,2.2074723347031977e-06,norm_matched,fixed_random,-0.011216693557798862,-0.01121667679399252,1.0,3,128,7.564851760864258,1.326641267951345e-06,61,final_hidden,2026-07-10T15:33:26.943373+00:00,nonpad_flattened,EleutherAI/pythia-70m,-1.2580203605632774e-08,6.08259070650233e-09
65536,64,3,16,main,wikitext,wikitext-2-raw-v1,validation,cuda,float32,64,pythia_dynamical_edge_norm_matched_probe,9801caeb1bc8252573781682c3403ed9a63b90dd,"[1, 128, 512]",inputs_embeds,paper_style_feedback_dynamics,EleutherAI/pythia-70m,2.2230681224755244e-06,norm_matched,fixed_random,-0.011216694489121437,-0.011216693557798862,1.0,3,128,7.564851760864258,1.337239609711105e-06,62,final_hidden,2026-07-10T15:33:26.943373+00:00,nonpad_flattened,EleutherAI/pythia-70m,6.08259070650233e-09,1.119680261899765e-09
