checkpoint,window_start,window_end,dynamic_step,selection_index,token_id,token,wikitext_train_count,spectral_radius,spectral_radius_eigenvalue_real,spectral_radius_eigenvalue_imag,spectral_abscissa,max_real_eigenvalue_imag,max_real_eigenvalue_abs,operator_norm_2,operator_norm_sigma2,operator_norm_over_spectral_radius,runtime_seconds
step7000,0,256,256,0,29104, repetitive,16,0.9852790236473083,0.9852790236473083,0.0,0.9852790236473083,0.0,0.9852790236473083,2.0814502239227295,1.7536860704421997,2.112549066543579,0.6006928943097591
step7000,0,256,256,1,10020, semi,112,1.0862488746643066,1.0846643447875977,0.058650899678468704,1.0846643447875977,0.058650899678468704,1.0862488746643066,1.844367265701294,1.791257619857788,1.6979233026504517,0.6305101327598095
step7000,0,256,256,2,1941, evidence,284,1.0312047004699707,1.0312047004699707,0.0,1.0312047004699707,0.0,1.0312047004699707,2.0818588733673096,1.7997945547103882,2.0188608169555664,0.6183792762458324
step7000,0,256,256,3,38730, orientations,4,0.9865709543228149,0.9716012477874756,0.1712111383676529,0.9716012477874756,0.1712111383676529,0.9865709543228149,2.101064443588257,1.706080436706543,2.1296637058258057,0.5913100577890873
step7000,256,512,512,0,29104, repetitive,16,1.0151029825210571,1.0128755569458008,0.06720929592847824,1.0128755569458008,0.06720929592847824,1.0151029825210571,2.171327590942383,1.7465262413024902,2.139021873474121,0.5806008577346802
step7000,256,512,512,1,10020, semi,112,0.9807137250900269,0.9706931114196777,0.13983668386936188,0.9706931114196777,0.13983668386936188,0.9807137250900269,2.07485032081604,1.6904948949813843,2.1156532764434814,0.6280015520751476
step7000,256,512,512,2,1941, evidence,284,1.032475233078003,1.0231024026870728,0.1388036459684372,1.0264596939086914,0.034600939601659775,1.0270427465438843,1.8141217231750488,1.7548341751098633,1.7570607662200928,0.8867325931787491
step7000,256,512,512,3,38730, orientations,4,1.0068374872207642,1.0068374872207642,0.0,1.0068374872207642,0.0,1.0068374872207642,1.8258357048034668,1.732555627822876,1.8134363889694214,0.9710936397314072
step7000,512,768,768,0,29104, repetitive,16,1.0790443420410156,1.0688672065734863,0.14784985780715942,1.0688672065734863,0.14784985780715942,1.0790443420410156,2.1087629795074463,1.847474217414856,1.9542876482009888,0.9506738856434822
step7000,512,768,768,1,10020, semi,112,1.0943872928619385,1.0943872928619385,0.0,1.0943872928619385,0.0,1.0943872928619385,2.1780588626861572,1.7884989976882935,1.9902085065841675,0.6389363296329975
step7000,512,768,768,2,1941, evidence,284,1.0056486129760742,1.0043596029281616,0.05090063437819481,1.0043596029281616,0.05090063437819481,1.0056486129760742,2.043851852416992,1.7418423891067505,2.032371759414673,0.6662276424467564
step7000,512,768,768,3,38730, orientations,4,1.0161277055740356,1.0161277055740356,0.0,1.0161277055740356,0.0,1.0161277055740356,1.823625087738037,1.7302279472351074,1.7946809530258179,0.5920994505286217
step7000,768,1024,1024,0,29104, repetitive,16,1.0459953546524048,1.0059394836425781,0.28669148683547974,1.0282042026519775,0.07781883329153061,1.0311448574066162,1.8806055784225464,1.8034477233886719,1.7979100942611694,0.663742084056139
step7000,768,1024,1024,1,10020, semi,112,1.0372158288955688,1.0372158288955688,0.0,1.0372158288955688,0.0,1.0372158288955688,1.8073375225067139,1.7391372919082642,1.7424893379211426,0.5947867669165134
step7000,768,1024,1024,2,1941, evidence,284,1.027489185333252,0.9618074893951416,0.3614698052406311,1.011244297027588,0.09330236911773682,1.0155394077301025,1.9916480779647827,1.7038946151733398,1.938364028930664,0.5913745947182178
step7000,768,1024,1024,3,38730, orientations,4,0.9734509587287903,0.9680721759796143,0.10219139605760574,0.9680721759796143,0.10219139605760574,0.9734509587287903,1.9281351566314697,1.657082200050354,1.980721354484558,0.6556767411530018
step7000,1024,1280,1280,0,29104, repetitive,16,1.0575886964797974,1.0488803386688232,0.1354394257068634,1.0488803386688232,0.1354394257068634,1.0575886964797974,2.299025774002075,1.7034848928451538,2.173837423324585,0.6472230106592178
step7000,1024,1280,1280,1,10020, semi,112,1.0785918235778809,1.0145161151885986,0.3662203550338745,1.056874394416809,0.0,1.056874394416809,2.186161994934082,1.8498672246932983,2.026866912841797,0.6222505308687687
step7000,1024,1280,1280,2,1941, evidence,284,1.0702317953109741,1.016066312789917,0.3361627757549286,1.065018653869629,0.04041525721549988,1.0657851696014404,2.1463887691497803,1.8683593273162842,2.0055363178253174,0.6217240653932095
step7000,1024,1280,1280,3,38730, orientations,4,1.0927364826202393,1.0839146375656128,0.13857191801071167,1.087011456489563,0.0,1.087011456489563,2.102203607559204,1.8299486637115479,1.923797369003296,0.587695274502039
step7000,1280,1536,1536,0,29104, repetitive,16,1.0488193035125732,1.046891212463379,0.06356654316186905,1.046891212463379,0.06356654316186905,1.0488193035125732,1.8811519145965576,1.7988197803497314,1.7935900688171387,0.642088133841753
step7000,1280,1536,1536,1,10020, semi,112,1.0402264595031738,1.0401908159255981,0.008615486323833466,1.0401908159255981,0.008615486323833466,1.0402264595031738,2.152200698852539,1.8123902082443237,2.0689733028411865,0.6201069056987762
step7000,1280,1536,1536,2,1941, evidence,284,1.0415074825286865,1.0273454189300537,0.1711699664592743,1.0273454189300537,0.1711699664592743,1.0415074825286865,1.8391891717910767,1.7872648239135742,1.765891432762146,0.5950759947299957
step7000,1280,1536,1536,3,38730, orientations,4,1.080238699913025,1.0801753997802734,0.01169330719858408,1.0801753997802734,0.01169330719858408,1.080238699913025,2.1399173736572266,1.8011378049850464,1.9809671640396118,0.6097008176147938
step7000,1536,1792,1792,0,29104, repetitive,16,1.069036602973938,1.0679938793182373,0.04720552638173103,1.0679938793182373,0.04720552638173103,1.069036602973938,2.1121113300323486,1.8382467031478882,1.9757146835327148,0.57997902110219
step7000,1536,1792,1792,1,10020, semi,112,1.0043084621429443,1.0043084621429443,0.0,1.0043084621429443,0.0,1.0043084621429443,1.8124637603759766,1.7308144569396973,1.8046883344650269,1.1642062962055206
step7000,1536,1792,1792,2,1941, evidence,284,1.0371187925338745,1.0371187925338745,0.0,1.0371187925338745,0.0,1.0371187925338745,1.836165428161621,1.810031533241272,1.7704485654830933,0.7149125076830387
step7000,1536,1792,1792,3,38730, orientations,4,1.0588561296463013,1.0588561296463013,0.0,1.0588561296463013,0.0,1.0588561296463013,2.028836965560913,1.7551114559173584,1.9160648584365845,0.5844710320234299
step7000,1792,2048,2048,0,29104, repetitive,16,1.0505212545394897,1.039017915725708,0.1550377458333969,1.039017915725708,0.1550377458333969,1.0505212545394897,2.114297866821289,1.6994980573654175,2.012617826461792,1.1299595274031162
step7000,1792,2048,2048,1,10020, semi,112,1.0015860795974731,0.9909213781356812,0.1457720398902893,0.9947502017021179,0.0,0.9947502017021179,1.818920373916626,1.732137680053711,1.8160400390625,1.0921313092112541
step7000,1792,2048,2048,2,1941, evidence,284,1.006842017173767,1.006842017173767,0.0,1.006842017173767,0.0,1.006842017173767,2.0511627197265625,1.8240782022476196,2.037224054336548,0.664796456694603
step7000,1792,2048,2048,3,38730, orientations,4,1.0834877490997314,1.0352814197540283,0.3195904493331909,1.0352814197540283,0.3195904493331909,1.0834877490997314,1.9563394784927368,1.835703730583191,1.8055944442749023,1.6139681972563267
