checkpoint,training_step,dynamic_step,selection_index,token_id,token,wikitext_train_count,frequency_bin,spectral_radius,operator_norm_2,jacobian_frobenius_norm,runtime_seconds
step27000,27000,0,0,21825, clones,2,0,12.766058921813965,81.62014770507812,267.4502868652344,0.5967497788369656
step27000,27000,0,1,46808, trustworthy,3,1,11.9483642578125,63.00154495239258,245.3775634765625,0.4038398563861847
step27000,27000,0,2,23778, motive,8,2,14.106742858886719,85.23431396484375,298.642578125,0.3968004956841469
step27000,27000,0,3,42548, generosity,8,3,13.48578929901123,82.81572723388672,274.85076904296875,0.39491965621709824
step27000,27000,0,4,29254, critique,18,4,11.846351623535156,66.16024780273438,248.7583465576172,0.39362629130482674
step27000,27000,0,5,19211, cabinet,33,5,12.885575294494629,69.52378845214844,270.48822021484375,0.39082714542746544
step27000,27000,0,6,14290, documented,48,6,16.801328659057617,178.98382568359375,276.29046630859375,0.3607540503144264
step27000,27000,0,7,6574, miles,404,7,14.745210647583008,125.56635284423828,332.6562805175781,0.35697924718260765
step27000,27000,64,0,21825, clones,2,0,1.0320545434951782,1.8042044639587402,15.460227012634277,0.4516276866197586
step27000,27000,64,1,46808, trustworthy,3,1,0.9738011360168457,1.7692877054214478,15.149789810180664,0.3092755749821663
step27000,27000,64,2,23778, motive,8,2,1.0398890972137451,1.803876519203186,15.466389656066895,0.35681379586458206
step27000,27000,64,3,42548, generosity,8,3,1.0334482192993164,1.806925654411316,15.497485160827637,0.3880920819938183
step27000,27000,64,4,29254, critique,18,4,1.0363590717315674,1.8124723434448242,15.627678871154785,0.3864819183945656
step27000,27000,64,5,19211, cabinet,33,5,1.042492389678955,1.8063117265701294,15.771063804626465,0.4096381366252899
step27000,27000,64,6,14290, documented,48,6,0.997330904006958,1.8128949403762817,15.540258407592773,0.3531199283897877
step27000,27000,64,7,6574, miles,404,7,1.0591591596603394,1.8090310096740723,15.539859771728516,0.43276994675397873
step27000,27000,128,0,21825, clones,2,0,1.07905912399292,1.9599213600158691,16.447582244873047,0.5591423623263836
step27000,27000,128,1,46808, trustworthy,3,1,1.070033311843872,1.9178712368011475,16.192310333251953,0.3826132044196129
step27000,27000,128,2,23778, motive,8,2,1.0828862190246582,2.0451197624206543,16.915136337280273,0.37486860528588295
step27000,27000,128,3,42548, generosity,8,3,1.140742301940918,2.0348780155181885,16.868364334106445,0.35704413428902626
step27000,27000,128,4,29254, critique,18,4,1.0832798480987549,1.7918850183486938,15.35746955871582,0.3657822869718075
step27000,27000,128,5,19211, cabinet,33,5,0.9957756400108337,1.8220187425613403,15.321678161621094,0.36955998092889786
step27000,27000,128,6,14290, documented,48,6,1.080841302871704,1.9298473596572876,16.435314178466797,0.3889779672026634
step27000,27000,128,7,6574, miles,404,7,0.9878796935081482,1.8331823348999023,15.223824501037598,0.37059732899069786
step27000,27000,192,0,21825, clones,2,0,0.9905552864074707,1.8653124570846558,15.66457748413086,0.3818197511136532
step27000,27000,192,1,46808, trustworthy,3,1,1.0355255603790283,1.7636994123458862,15.358400344848633,0.3702891021966934
step27000,27000,192,2,23778, motive,8,2,1.0656840801239014,1.791292428970337,15.53244400024414,0.37784968316555023
step27000,27000,192,3,42548, generosity,8,3,1.0629037618637085,1.7772481441497803,15.518594741821289,0.3590710423886776
step27000,27000,192,4,29254, critique,18,4,1.0375224351882935,1.8505221605300903,15.901416778564453,0.38333507999777794
step27000,27000,192,5,19211, cabinet,33,5,0.9963101744651794,1.8469394445419312,15.287191390991211,0.3870762437582016
step27000,27000,192,6,14290, documented,48,6,1.0551649332046509,1.8043874502182007,15.522488594055176,0.3892425447702408
step27000,27000,192,7,6574, miles,404,7,1.088221788406372,1.9772908687591553,16.540363311767578,0.36898915097117424
step27000,27000,256,0,21825, clones,2,0,0.9922032952308655,1.841960072517395,15.25144100189209,0.35032179579138756
step27000,27000,256,1,46808, trustworthy,3,1,0.9966219067573547,1.807668924331665,15.260246276855469,0.4017333425581455
step27000,27000,256,2,23778, motive,8,2,0.9787235856056213,1.8500285148620605,15.513667106628418,0.39264097809791565
step27000,27000,256,3,42548, generosity,8,3,0.9793236255645752,1.7581638097763062,15.176712989807129,0.3842291608452797
step27000,27000,256,4,29254, critique,18,4,1.032881259918213,1.7971664667129517,15.625974655151367,0.3547884151339531
step27000,27000,256,5,19211, cabinet,33,5,1.0338324308395386,1.904289960861206,15.598095893859863,0.3889840692281723
step27000,27000,256,6,14290, documented,48,6,1.1303914785385132,1.8972281217575073,16.16300392150879,0.3888267017900944
step27000,27000,256,7,6574, miles,404,7,0.9914361834526062,1.8103867769241333,15.186885833740234,0.4172375276684761
step27000,27000,320,0,21825, clones,2,0,1.024507761001587,1.8937923908233643,15.53110122680664,0.47932010889053345
step27000,27000,320,1,46808, trustworthy,3,1,1.0031534433364868,1.86491858959198,15.359850883483887,0.3832814693450928
step27000,27000,320,2,23778, motive,8,2,1.0228275060653687,1.927747130393982,15.757674217224121,0.38720671832561493
step27000,27000,320,3,42548, generosity,8,3,1.1125080585479736,2.052388906478882,16.50577163696289,0.38377366214990616
step27000,27000,320,4,29254, critique,18,4,1.0116429328918457,1.9544579982757568,15.747090339660645,0.3600506894290447
step27000,27000,320,5,19211, cabinet,33,5,1.033908724784851,2.074357748031616,15.984394073486328,0.3912609629333019
step27000,27000,320,6,14290, documented,48,6,1.0373624563217163,1.949554443359375,15.910719871520996,0.4270288571715355
step27000,27000,320,7,6574, miles,404,7,1.0105409622192383,1.8768587112426758,15.354622840881348,0.3839409798383713
step27000,27000,384,0,21825, clones,2,0,1.0084854364395142,1.977102279663086,15.911691665649414,0.3516463004052639
step27000,27000,384,1,46808, trustworthy,3,1,1.0488048791885376,1.9368687868118286,15.72031021118164,0.3811299502849579
step27000,27000,384,2,23778, motive,8,2,0.9926410913467407,1.8183159828186035,15.164319038391113,0.36629969254136086
step27000,27000,384,3,42548, generosity,8,3,0.9947590231895447,1.8087158203125,15.19519329071045,0.40298740938305855
step27000,27000,384,4,29254, critique,18,4,0.9840868711471558,1.8442732095718384,15.138378143310547,0.3755682483315468
step27000,27000,384,5,19211, cabinet,33,5,1.0062556266784668,1.8610177040100098,15.374561309814453,0.4489142671227455
step27000,27000,384,6,14290, documented,48,6,0.9949803352355957,1.8153831958770752,15.189422607421875,0.5373875722289085
step27000,27000,384,7,6574, miles,404,7,1.007393479347229,1.891950249671936,15.486800193786621,0.4633989818394184
step27000,27000,448,0,21825, clones,2,0,1.0315195322036743,1.9210710525512695,15.492663383483887,0.3810447156429291
step27000,27000,448,1,46808, trustworthy,3,1,1.0172158479690552,1.8943036794662476,15.683244705200195,0.4493264704942703
step27000,27000,448,2,23778, motive,8,2,1.008820652961731,1.8719631433486938,15.399882316589355,0.3770468346774578
step27000,27000,448,3,42548, generosity,8,3,1.0100129842758179,1.8750993013381958,15.352892875671387,0.3925698548555374
step27000,27000,448,4,29254, critique,18,4,0.9919084906578064,1.861215591430664,15.37319278717041,0.36949143558740616
step27000,27000,448,5,19211, cabinet,33,5,1.0310180187225342,1.9090068340301514,15.604835510253906,0.4061375595629215
step27000,27000,448,6,14290, documented,48,6,1.006752610206604,1.870396375656128,15.388238906860352,0.39495040476322174
step27000,27000,448,7,6574, miles,404,7,0.9972240328788757,1.8634370565414429,15.598723411560059,0.3717653267085552
step27000,27000,512,0,21825, clones,2,0,0.9877411723136902,1.8446953296661377,15.281489372253418,0.33203161135315895
step27000,27000,512,1,46808, trustworthy,3,1,0.9959089159965515,1.873172640800476,15.323195457458496,0.3953516036272049
step27000,27000,512,2,23778, motive,8,2,1.0486561059951782,1.9266220331192017,15.743118286132812,0.43030600622296333
step27000,27000,512,3,42548, generosity,8,3,1.0121809244155884,1.897218108177185,15.501977920532227,0.7080675326287746
step27000,27000,512,4,29254, critique,18,4,1.0257701873779297,2.261356830596924,15.73142147064209,0.3827873766422272
step27000,27000,512,5,19211, cabinet,33,5,1.0482591390609741,2.112359046936035,16.05788803100586,0.3947647847235203
step27000,27000,512,6,14290, documented,48,6,1.0482418537139893,1.9336721897125244,15.746966361999512,0.35450613871216774
step27000,27000,512,7,6574, miles,404,7,1.0545642375946045,1.9710588455200195,15.829458236694336,0.36294757202267647
step27000,27000,576,0,21825, clones,2,0,1.0100804567337036,1.9770272970199585,15.590095520019531,0.32446932420134544
step27000,27000,576,1,46808, trustworthy,3,1,1.0185028314590454,1.8900412321090698,15.483701705932617,0.35422080010175705
step27000,27000,576,2,23778, motive,8,2,1.0447337627410889,1.8962571620941162,15.626798629760742,0.3525879643857479
step27000,27000,576,3,42548, generosity,8,3,1.0018393993377686,1.8707995414733887,15.63654613494873,2.26549806073308
step27000,27000,576,4,29254, critique,18,4,1.027116060256958,1.958512783050537,15.664944648742676,1.9911613054573536
step27000,27000,576,5,19211, cabinet,33,5,1.0054516792297363,1.8545780181884766,15.459437370300293,11.381223995238543
step27000,27000,576,6,14290, documented,48,6,1.0185863971710205,1.8775478601455688,15.61658000946045,18.163515776395798
step27000,27000,576,7,6574, miles,404,7,1.0135308504104614,1.9319132566452026,15.475285530090332,15.585541535168886
step27000,27000,640,0,21825, clones,2,0,1.0215133428573608,1.9289847612380981,15.724797248840332,19.39478799700737
step27000,27000,640,1,46808, trustworthy,3,1,1.037585973739624,1.8920555114746094,15.698480606079102,18.19959844648838
step27000,27000,640,2,23778, motive,8,2,1.0429567098617554,1.939603328704834,15.735978126525879,17.847302582114935
step27000,27000,640,3,42548, generosity,8,3,1.045661211013794,1.9729379415512085,15.813873291015625,17.464280795305967
step27000,27000,640,4,29254, critique,18,4,0.9899482727050781,1.8715273141860962,15.38047981262207,17.0607384480536
step27000,27000,640,5,19211, cabinet,33,5,1.0290179252624512,1.945799708366394,15.770979881286621,15.915813874453306
step27000,27000,640,6,14290, documented,48,6,0.99066561460495,1.8677113056182861,15.373366355895996,17.193977758288383
step27000,27000,640,7,6574, miles,404,7,0.9959051609039307,1.8421742916107178,15.289859771728516,17.961824093014002
step27000,27000,704,0,21825, clones,2,0,1.0120118856430054,1.9326701164245605,15.408329963684082,17.774243604391813
step27000,27000,704,1,46808, trustworthy,3,1,1.0265214443206787,1.9411203861236572,15.671879768371582,16.449737556278706
step27000,27000,704,2,23778, motive,8,2,1.0187698602676392,1.957643747329712,15.507643699645996,15.699532322585583
step27000,27000,704,3,42548, generosity,8,3,1.014024257659912,1.9366618394851685,15.4746732711792,18.507529467344284
step27000,27000,704,4,29254, critique,18,4,0.9993524551391602,1.8457963466644287,15.445856094360352,14.058497529476881
step27000,27000,704,5,19211, cabinet,33,5,1.0338298082351685,1.9928721189498901,15.655421257019043,16.832776993513107
